file,segments,mean_spoof,mean_bonafide,mean_tr
CON_E_0010673.wav,5,0,0.8636360168457031,0
CON_E_0000000.wav,2,0.23123113811016083,1.1338554620742798,0
CON_E_0000002.wav,9,0.6702882647514343,0.7464114427566528,0
CON_E_0000042.wav,5,0,1.9995559453964233,0
CON_E_0000046.wav,8,0,1.074579119682312,0
CON_E_0000053.wav,5,0.6692973971366882,0.7936128377914429,0
CON_E_0000057.wav,13,-0.9690106511116028,0.256401926279068,0
CON_E_0000062.wav,7,0,1.0432159900665283,0
CON_E_0000063.wav,11,1.1269255876541138,-0.28369140625,0
CON_E_0000065.wav,11,0.1471337080001831,0.06242366135120392,0
CON_E_0000070.wav,5,0,1.5509129762649536,0
CON_E_0000074.wav,11,-1.335929274559021,1.111539363861084,0
CON_E_0000096.wav,9,0.28921979665756226,1.9001797437667847,0
CON_E_0000104.wav,3,0,1.9122885465621948,0
CON_E_0000113.wav,11,-1.1386665105819702,0.4465537965297699,0
CON_E_0000117.wav,6,0.2882618308067322,1.5590555667877197,0
CON_E_0000118.wav,3,0,2.2645041942596436,0
CON_E_0000120.wav,9,-0.5657082200050354,1.111527919769287,0
CON_E_0000124.wav,6,0,0.516897976398468,0
CON_E_0000125.wav,7,0.02204163372516632,1.1250890493392944,0
CON_E_0000128.wav,8,0.002003811299800873,1.5463165044784546,0
CON_E_0000138.wav,3,0.1253053843975067,5.086118698120117,0
CON_E_0000139.wav,12,-0.4367712438106537,0.7922152280807495,0
CON_E_0000140.wav,4,0,1.5000275373458862,0
CON_E_0000141.wav,4,0,2.0086140632629395,0
CON_E_0000143.wav,5,0.23624542355537415,2.80910325050354,0
CON_E_0000149.wav,7,0,0.8087506294250488,0
CON_E_0000159.wav,5,1.434440016746521,0.41291436553001404,0
CON_E_0000160.wav,11,1.3187543153762817,-0.10269507765769958,0
CON_E_0000165.wav,10,0.47162389755249023,0.5879895091056824,0
CON_E_0000167.wav,5,0,1.9049530029296875,-0.2523455321788788
CON_E_0000173.wav,7,-0.8903679847717285,1.6501803398132324,0
CON_E_0000176.wav,7,0,1.0506391525268555,0
CON_E_0000178.wav,6,0,1.386586308479309,0
CON_E_0000179.wav,11,-1.0325874090194702,0.6773231625556946,0
CON_E_0000183.wav,5,0,1.159773826599121,0
CON_E_0000185.wav,6,0,1.096678614616394,0
CON_E_0000190.wav,8,0,0.8813669085502625,0
CON_E_0000194.wav,5,0,0.5398480892181396,0
CON_E_0000197.wav,8,-2.0775134563446045,0.769612729549408,0
CON_E_0000198.wav,7,0.19621604681015015,1.0431410074234009,0
CON_E_0000201.wav,8,-1.4742095470428467,0.9967649579048157,0
CON_E_0000228.wav,3,0,0.3752216100692749,0
CON_E_0000239.wav,4,0,2.1571481227874756,0
CON_E_0000240.wav,6,0.46720004081726074,0.07657420635223389,0
CON_E_0000242.wav,2,4.072400093078613,0,0
CON_E_0000246.wav,13,-0.47269466519355774,0.5607697367668152,0
CON_E_0000252.wav,9,0,0.9100649952888489,0
CON_E_0000263.wav,8,1.0756826400756836,-0.46149179339408875,0
CON_E_0000275.wav,4,1.926944375038147,-1.1908376216888428,0
CON_E_0000282.wav,7,-0.44493967294692993,1.4441866874694824,0
CON_E_0000293.wav,3,1.323865294456482,0,0
CON_E_0000298.wav,5,-0.4530584216117859,2.513219118118286,0
CON_E_0000305.wav,10,-0.44967228174209595,0.6846675872802734,0
CON_E_0000314.wav,10,-2.631516933441162,0.9781692028045654,0
CON_E_0000316.wav,10,0,0.7174868583679199,0
CON_E_0000318.wav,8,0,0.5819345712661743,0
CON_E_0000327.wav,10,0,0.2897387742996216,0
CON_E_0000336.wav,11,-0.4356746971607208,0.5983414053916931,0
CON_E_0000338.wav,5,-2.0380585193634033,1.7689495086669922,0
CON_E_0000342.wav,6,0.033850036561489105,1.3733632564544678,0
CON_E_0000354.wav,6,0,1.0911201238632202,0
CON_E_0000357.wav,8,0,0.5611458420753479,0
CON_E_0000361.wav,6,-0.29458051919937134,1.5638325214385986,0
CON_E_0000366.wav,9,0,0.523533284664154,0
CON_E_0000370.wav,3,0,2.551534414291382,0
CON_E_0000379.wav,11,-1.256803035736084,0.9035981893539429,0
CON_E_0000386.wav,6,3.4977149963378906,-1.4663712978363037,0
CON_E_0000394.wav,11,-2.21264910697937,0.8065646290779114,0
CON_E_0000401.wav,3,2.0865046977996826,1.951728105545044,0
CON_E_0000404.wav,6,0.8804644346237183,1.7976781129837036,0
CON_E_0000420.wav,11,0.5166459679603577,0.8543438911437988,0
CON_E_0000442.wav,11,-0.6478543281555176,1.078935980796814,0
CON_E_0000450.wav,5,0,1.0068132877349854,0
CON_E_0000457.wav,5,-2.7135074138641357,1.7969383001327515,0
CON_E_0000463.wav,7,-0.29271775484085083,2.3157155513763428,0
CON_E_0000473.wav,4,2.456096649169922,3.9655396938323975,0
CON_E_0000478.wav,10,-0.7242396473884583,1.0446468591690063,0
CON_E_0000484.wav,8,-0.07159868627786636,1.7358843088150024,0
CON_E_0000493.wav,9,0.038656771183013916,0.11717768013477325,0
CON_E_0000503.wav,8,-1.2107561826705933,0.9017443060874939,0
CON_E_0000524.wav,4,-1.2489184141159058,1.7907737493515015,0
CON_E_0000532.wav,8,-0.4274916648864746,1.5091099739074707,0
CON_E_0000547.wav,7,0,1.06879460811615,0
CON_E_0000548.wav,6,0,1.0958255529403687,0
CON_E_0000552.wav,7,0.31220462918281555,1.7011677026748657,0
CON_E_0000568.wav,6,0,0.8910333514213562,0
CON_E_0000569.wav,5,1.0476255416870117,1.0688892602920532,0
CON_E_0000572.wav,5,-1.709736704826355,1.3850536346435547,0
CON_E_0000582.wav,7,-0.7333633303642273,1.5952224731445312,0
CON_E_0000585.wav,5,0,0.9107550382614136,0
CON_E_0000592.wav,7,-1.1009048223495483,0.46327391266822815,0
CON_E_0000603.wav,7,0.3687940835952759,1.718121886253357,0
CON_E_0000607.wav,5,0.4649318754673004,1.4900463819503784,0
CON_E_0000608.wav,9,-2.881054401397705,0.7804276943206787,0
CON_E_0000612.wav,5,-0.38024410605430603,1.4271831512451172,0
CON_E_0000618.wav,9,0,0.31788113713264465,0
CON_E_0000620.wav,8,0.3604184687137604,0.8332735896110535,0
CON_E_0000633.wav,7,0,0.4278891384601593,0
CON_E_0000646.wav,9,1.0046672821044922,0.2014811784029007,0
CON_E_0000648.wav,5,-0.653440535068512,2.0468804836273193,0
CON_E_0000660.wav,5,0,0.3948594927787781,1.4052900075912476
CON_E_0000668.wav,9,0.5620303153991699,0,0.8804635405540466
CON_E_0000669.wav,13,-0.17646488547325134,0.4814760088920593,0
CON_E_0000675.wav,7,0.787341833114624,-0.8159067034721375,0
CON_E_0000681.wav,5,-0.7527642250061035,2.019660472869873,0
CON_E_0000684.wav,10,-0.42137280106544495,0.7268593907356262,0
CON_E_0000689.wav,8,0.31139346957206726,1.0248178243637085,0
CON_E_0000695.wav,10,0.39765164256095886,-0.3203290104866028,0
CON_E_0000700.wav,9,-0.9808582663536072,0.7573626637458801,0
CON_E_0000702.wav,8,0,0.7853094339370728,0
CON_E_0000707.wav,7,0,0.7363010048866272,0
CON_E_0000720.wav,3,0,1.7282260656356812,0
CON_E_0000728.wav,5,0,1.3563212156295776,0
CON_E_0000732.wav,11,-0.15928615629673004,1.0430363416671753,0
CON_E_0000733.wav,11,-0.3466140031814575,1.2416317462921143,0
CON_E_0000739.wav,4,-0.2343062460422516,3.107335329055786,0
CON_E_0000746.wav,6,0.8900092840194702,0.4427975118160248,0
CON_E_0000747.wav,5,0,1.4027502536773682,0
CON_E_0000748.wav,10,0,0.3380175232887268,0
CON_E_0000756.wav,11,0.3020387291908264,0.6714349389076233,0
CON_E_0000759.wav,4,0,1.6123310327529907,0
CON_E_0000765.wav,9,-1.5210641622543335,1.072159767150879,0
CON_E_0000778.wav,4,-0.21962690353393555,1.8387914896011353,0
CON_E_0000780.wav,4,0,1.3290966749191284,0
CON_E_0000781.wav,6,0.2788304388523102,0.7730132341384888,0
CON_E_0000785.wav,8,0,1.0827033519744873,1.0329868793487549
CON_E_0000801.wav,7,0.6081590056419373,-0.8612997531890869,0
CON_E_0000803.wav,8,-3.0698533058166504,1.1424757242202759,0
CON_E_0000804.wav,6,-0.8255519866943359,2.6873667240142822,0
CON_E_0000809.wav,6,0,1.3230915069580078,0
CON_E_0000811.wav,8,0,-0.06913262605667114,0
CON_E_0000815.wav,8,0,1.3588136434555054,0
CON_E_0000816.wav,3,-0.8218383193016052,2.549185037612915,0
CON_E_0000823.wav,8,-2.954134225845337,1.2879290580749512,0
CON_E_0000827.wav,4,0,0.869439959526062,0
CON_E_0000829.wav,4,1.0038092136383057,0.4452032148838043,0
CON_E_0000830.wav,11,-0.8722939491271973,0.8664822578430176,0
CON_E_0000831.wav,6,-0.6090710163116455,2.042005777359009,0
CON_E_0000832.wav,8,0.8641816973686218,-1.1891169548034668,0
CON_E_0000846.wav,6,0,0.9812266826629639,0
CON_E_0000849.wav,11,0,0.24932168424129486,0
CON_E_0000864.wav,9,-0.032194096595048904,1.137895941734314,0
CON_E_0000873.wav,6,0,1.5968488454818726,0
CON_E_0000876.wav,4,0,1.7460322380065918,0
CON_E_0000878.wav,7,-0.7273497581481934,2.340398073196411,0
CON_E_0000879.wav,5,0,1.5893858671188354,0
CON_E_0000886.wav,10,0,0.26842761039733887,0
CON_E_0000897.wav,6,0,1.2110966444015503,0
CON_E_0000901.wav,4,1.3779916763305664,1.9267733097076416,0
CON_E_0000906.wav,11,0,0.6113536953926086,0
CON_E_0000908.wav,6,0.6072062253952026,1.7866971492767334,0
CON_E_0000909.wav,3,0,0.6736693382263184,0
CON_E_0000914.wav,6,-1.1756402254104614,1.7053680419921875,0
CON_E_0000925.wav,10,-1.0891356468200684,0.6833478212356567,0
CON_E_0000929.wav,6,0,1.6866931915283203,0
CON_E_0000933.wav,5,-0.9192520976066589,1.6646722555160522,0
CON_E_0000936.wav,16,1.0879710912704468,-0.6443936824798584,0
CON_E_0000939.wav,9,0,0.6695468425750732,0
CON_E_0000944.wav,3,1.0793367624282837,1.3034121990203857,0
CON_E_0000946.wav,7,0.8566447496414185,1.3252441883087158,0
CON_E_0000961.wav,7,-0.6976678967475891,0.8956962823867798,0
CON_E_0000981.wav,7,0,0.4751424193382263,0
CON_E_0000995.wav,9,-3.9105374813079834,0.7976046800613403,0
CON_E_0000997.wav,6,-0.7856579422950745,1.4363878965377808,0
CON_E_0000998.wav,2,0.9039613604545593,1.03304922580719,0
CON_E_0001001.wav,3,0,1.3873553276062012,0
CON_E_0001011.wav,5,0.34648391604423523,3.789517879486084,0
CON_E_0001015.wav,10,0,0.881901741027832,0
CON_E_0001019.wav,8,0,0.647810161113739,0
CON_E_0001020.wav,10,-1.4744007587432861,0.9912021160125732,0
CON_E_0001034.wav,3,-0.01934204250574112,0.6474474668502808,0
CON_E_0001042.wav,12,-0.15447749197483063,0.7710926532745361,0
CON_E_0001044.wav,7,-1.4737826585769653,0.9590522646903992,0
CON_E_0001045.wav,7,0,1.5684272050857544,0
CON_E_0001046.wav,6,-2.1165366172790527,1.6137292385101318,0
CON_E_0001052.wav,9,-0.3684752583503723,0.33250799775123596,0
CON_E_0001054.wav,12,0,0.3459445536136627,0
CON_E_0001058.wav,6,1.2276849746704102,0.9358888268470764,0
CON_E_0001064.wav,7,0,1.4431190490722656,0.25415855646133423
CON_E_0001067.wav,3,0,2.3800177574157715,0
CON_E_0001080.wav,6,-1.712151288986206,1.002908706665039,0
CON_E_0001082.wav,10,0.11831722408533096,0.06578671932220459,0
CON_E_0001099.wav,8,0.6787330508232117,0.23990082740783691,0
CON_E_0001100.wav,9,-0.4225342869758606,1.0340725183486938,0
CON_E_0001107.wav,9,1.5864118337631226,-1.4189223051071167,0
CON_E_0001119.wav,4,0,1.9687556028366089,0
CON_E_0001124.wav,7,0,1.1763155460357666,0
CON_E_0001128.wav,8,0,1.2300693988800049,0
CON_E_0001131.wav,6,0,0.7221760153770447,0
CON_E_0001133.wav,4,-1.9994456768035889,2.9595890045166016,0
CON_E_0001139.wav,9,-0.18027310073375702,0.5663348436355591,0
CON_E_0001153.wav,12,-0.485403448343277,0.6722052097320557,0
CON_E_0001155.wav,7,0,0.8150778412818909,0
CON_E_0001194.wav,8,0.35440537333488464,1.8335849046707153,0
CON_E_0001200.wav,7,-1.620316743850708,0.8898415565490723,0
CON_E_0001212.wav,8,-0.1490909308195114,1.744187355041504,-1.4028127193450928
CON_E_0001225.wav,9,-0.5259678363800049,1.5478181838989258,0
CON_E_0001229.wav,2,0.03811170533299446,0.20182347297668457,0
CON_E_0001245.wav,6,1.3067855834960938,1.7792798280715942,0
CON_E_0001264.wav,4,0,1.5779378414154053,0
CON_E_0001267.wav,4,0,1.425315499305725,0
CON_E_0001268.wav,10,-0.8350073099136353,0.5259336233139038,0
CON_E_0001276.wav,8,-0.8852057456970215,0.7347615361213684,0
CON_E_0001277.wav,9,0.22947262227535248,0.6607686877250671,0
CON_E_0001281.wav,5,0,1.7704004049301147,0
CON_E_0001282.wav,11,0,0.35551735758781433,0
CON_E_0001295.wav,10,0.15691255033016205,0.023261090740561485,0
CON_E_0001307.wav,6,0.11600875854492188,1.0831842422485352,0
CON_E_0001316.wav,6,0,0.4885121285915375,0
CON_E_0001327.wav,4,0,-0.829293966293335,0
CON_E_0001332.wav,7,0,0.9790807366371155,0
CON_E_0001356.wav,7,1.7271405458450317,0.7290894389152527,0
CON_E_0001358.wav,7,0.5723283290863037,1.1239264011383057,0
CON_E_0001360.wav,11,-0.7533738613128662,0.8360549211502075,0
CON_E_0001361.wav,5,0.7892372608184814,1.1624099016189575,0
CON_E_0001363.wav,7,0,1.3199974298477173,0
CON_E_0001374.wav,7,0,1.3059234619140625,0
CON_E_0001390.wav,9,-0.8905968070030212,1.0801942348480225,0
CON_E_0001395.wav,7,0.5602132081985474,0.7473065853118896,0
CON_E_0001406.wav,10,-0.19679056107997894,0.20640194416046143,0
CON_E_0001407.wav,7,-3.5170938968658447,1.2896548509597778,0
CON_E_0001409.wav,8,0,0.869523286819458,0
CON_E_0001411.wav,10,0,0.16971802711486816,0
CON_E_0001418.wav,4,0,2.0929088592529297,0
CON_E_0001421.wav,9,0,0.3974493741989136,0
CON_E_0001426.wav,9,-1.2149317264556885,0.46547189354896545,0
CON_E_0001452.wav,12,-0.7998262643814087,0.621376097202301,0
CON_E_0001458.wav,5,0,1.4732764959335327,0
CON_E_0001465.wav,2,-2.2558226585388184,4.954668045043945,0
CON_E_0001469.wav,13,0.16124385595321655,0.6762170791625977,0
CON_E_0001474.wav,7,0.7331956028938293,0.8581430315971375,0
CON_E_0001480.wav,1,0,8.157265085628751e-08,0
CON_E_0001481.wav,6,0,1.5856786966323853,0
CON_E_0001489.wav,8,0.3682005703449249,3.0866031646728516,0
CON_E_0001494.wav,8,-0.5842534899711609,0.9986104965209961,0
CON_E_0001495.wav,12,-0.49762171506881714,0.7134386897087097,0
CON_E_0001496.wav,8,0,0.3205929398536682,0
CON_E_0001498.wav,11,0.95826655626297,-0.6319518089294434,0
CON_E_0001506.wav,7,0,0.9949098825454712,0
CON_E_0001514.wav,5,0,0.3522224724292755,0
CON_E_0001517.wav,4,-0.9633013606071472,1.2307958602905273,0
CON_E_0001519.wav,6,0,1.906326174736023,0
CON_E_0001521.wav,11,-0.41604626178741455,0.8048626780509949,0
CON_E_0001523.wav,5,0,1.4242738485336304,0
CON_E_0001524.wav,1,-4.9661721277516335e-06,0,0
CON_E_0001525.wav,8,0,0.26788434386253357,0
CON_E_0001531.wav,4,0,1.1035468578338623,0
CON_E_0001532.wav,9,-0.9358215928077698,0.7283434271812439,0
CON_E_0001538.wav,7,-0.8590661287307739,1.0596692562103271,0
CON_E_0001539.wav,4,3.4688076972961426,-0.13291636109352112,0
CON_E_0001543.wav,10,-0.8305031657218933,0.35656628012657166,0
CON_E_0001546.wav,9,0,0.9960775375366211,0
CON_E_0001547.wav,10,0,0.9028061032295227,0
CON_E_0001548.wav,8,0,0.34616023302078247,0
CON_E_0001554.wav,10,-0.6110343933105469,0.5685518383979797,0
CON_E_0001564.wav,8,0,0.9182915091514587,0
CON_E_0001579.wav,8,0,0.9373244047164917,-0.9746626615524292
CON_E_0001611.wav,13,-0.7178764343261719,0.6394360661506653,0
CON_E_0001621.wav,8,0.1844571828842163,0.6783635020256042,0
CON_E_0001626.wav,9,-1.3509247303009033,1.5431251525878906,0
CON_E_0001635.wav,9,0.7141731381416321,0.0422498881816864,0
CON_E_0001636.wav,10,-0.2430824488401413,1.5257481336593628,0
CON_E_0001637.wav,8,0.4652407765388489,1.5226210355758667,0
CON_E_0001651.wav,10,0.1623825579881668,0.5264706611633301,0
CON_E_0001654.wav,9,0.5989130139350891,0.9724138379096985,0
CON_E_0001672.wav,12,0.4146970212459564,-0.278861403465271,0
CON_E_0001702.wav,6,1.404309630393982,0.09577193856239319,0
CON_E_0001734.wav,7,0.03478623926639557,0.3518046736717224,0
CON_E_0001737.wav,5,0,1.9419885873794556,0
CON_E_0001738.wav,8,-0.9075504541397095,1.2269723415374756,0
CON_E_0001741.wav,5,0,0.019265953451395035,0
CON_E_0001744.wav,11,0.4611022472381592,0.017964113503694534,0
CON_E_0001747.wav,7,-1.8212074041366577,1.8181257247924805,0
CON_E_0001752.wav,8,-0.17306876182556152,0.6073413491249084,0
CON_E_0001763.wav,7,0.575060248374939,2.331385612487793,0
CON_E_0001781.wav,6,0,1.4763442277908325,0
CON_E_0001784.wav,7,0,0.9754148721694946,0
CON_E_0001799.wav,11,0.41170868277549744,0.024788379669189453,0
CON_E_0001808.wav,10,-1.8867028951644897,0.41004478931427,0
CON_E_0001810.wav,13,-0.7369312644004822,0.5273696780204773,0
CON_E_0001814.wav,12,-0.7276769280433655,0.5233567953109741,0
CON_E_0001815.wav,5,0.7172601222991943,0.6387676000595093,0
CON_E_0001818.wav,5,0,0.7851053476333618,0
CON_E_0001823.wav,10,-0.8379413485527039,1.3447517156600952,0
CON_E_0001825.wav,5,1.4568629264831543,0.4352859556674957,0
CON_E_0001826.wav,12,-1.452892780303955,0.45822766423225403,0
CON_E_0001829.wav,4,0,1.510711431503296,0
CON_E_0001850.wav,5,2.109408140182495,-0.7579883337020874,0
CON_E_0001855.wav,7,0.23230811953544617,1.6332916021347046,0
CON_E_0001869.wav,8,0.5106613039970398,0.6789087653160095,0
CON_E_0001879.wav,13,-1.2082558870315552,0.9044193029403687,0
CON_E_0001894.wav,6,-1.0153687000274658,1.700016975402832,0
CON_E_0001903.wav,4,-1.5078378915786743,2.4813249111175537,0
CON_E_0001906.wav,4,1.7469924688339233,1.030673861503601,0
CON_E_0001911.wav,8,-0.2785380780696869,0.8897375464439392,0
CON_E_0001914.wav,8,0.8524525165557861,0.6570756435394287,0
CON_E_0001930.wav,12,-0.262873113155365,0.834751546382904,0
CON_E_0001941.wav,4,-2.6470351219177246,1.9604114294052124,0
CON_E_0001943.wav,7,0,1.2001316547393799,0
CON_E_0001949.wav,12,-0.28247472643852234,0.7507614493370056,0
CON_E_0001951.wav,5,-0.7878716588020325,2.729814291000366,0
CON_E_0001957.wav,11,0.13239288330078125,-0.036548320204019547,0
CON_E_0001958.wav,13,0.9086717367172241,-0.38293278217315674,0
CON_E_0001970.wav,7,0.17783932387828827,1.183579921722412,0
CON_E_0001971.wav,8,0.3939342498779297,0.7546654343605042,0
CON_E_0001974.wav,4,0,1.0252448320388794,0
CON_E_0001978.wav,10,0,1.1604650020599365,0
CON_E_0001979.wav,13,0,0.43326717615127563,0
CON_E_0001980.wav,7,0.20425695180892944,0.7121665477752686,0
CON_E_0001984.wav,8,0.080147884786129,0.9203066825866699,0
CON_E_0001990.wav,6,-1.9697868824005127,1.264986515045166,0
CON_E_0001997.wav,6,1.0295664072036743,1.4357445240020752,0
CON_E_0001999.wav,3,-0.36251306533813477,2.696439743041992,0
CON_E_0002003.wav,6,0,1.1365904808044434,0
CON_E_0002007.wav,4,0.8074566125869751,1.7520965337753296,0
CON_E_0002012.wav,5,-0.401651531457901,2.022799253463745,0
CON_E_0002027.wav,8,-0.07248249650001526,0.8699753284454346,0
CON_E_0002051.wav,10,2.053774118423462,-0.9322752356529236,0
CON_E_0002067.wav,7,0.1760389655828476,0.7416296005249023,0
CON_E_0002076.wav,9,-1.3726345300674438,1.057633399963379,0
CON_E_0002078.wav,8,-1.267701268196106,0.8434762358665466,0
CON_E_0002080.wav,7,-0.07181677967309952,0.4216282367706299,0
CON_E_0002085.wav,3,0,2.0327742099761963,0
CON_E_0002105.wav,2,0.5709760189056396,1.427901029586792,0
CON_E_0002110.wav,6,0,1.1988052129745483,0
CON_E_0002119.wav,6,0.20551560819149017,1.7700207233428955,0
CON_E_0002123.wav,4,1.3447264432907104,0.2878009080886841,0
CON_E_0002146.wav,8,-1.0021107196807861,0.6119529008865356,0
CON_E_0002164.wav,6,-1.5675899982452393,1.669788122177124,0
CON_E_0002165.wav,10,0.24671363830566406,-0.2612549960613251,0
CON_E_0002171.wav,6,0.06399387866258621,1.1204177141189575,0
CON_E_0002174.wav,5,0,0.8608545064926147,0
CON_E_0002180.wav,6,0.6578563451766968,0.5823748111724854,0
CON_E_0002187.wav,6,1.6566441059112549,0.7755923271179199,0
CON_E_0002204.wav,7,0.11457499116659164,-0.2995437681674957,0
CON_E_0002207.wav,8,-0.08802742511034012,1.7220046520233154,0
CON_E_0002208.wav,14,-0.5806145668029785,0.49872922897338867,0
CON_E_0002213.wav,7,-1.83119797706604,1.440277338027954,0
CON_E_0002217.wav,9,0.02955152653157711,1.0831388235092163,0
CON_E_0002218.wav,6,-0.17273004353046417,0.8974764943122864,0
CON_E_0002219.wav,5,2.023395538330078,0.7201218605041504,0
CON_E_0002225.wav,5,-0.056717753410339355,1.1869686841964722,0
CON_E_0002230.wav,4,0,1.1090986728668213,0
CON_E_0002244.wav,6,0,0.9119178652763367,0
CON_E_0002256.wav,10,-0.07394412159919739,0.929629921913147,0.2761114537715912
CON_E_0002273.wav,8,0.8191723823547363,3.2109639644622803,0
CON_E_0002278.wav,9,0,0.6850236058235168,0
CON_E_0002283.wav,8,0,0.6567944288253784,0
CON_E_0002285.wav,4,1.4577542543411255,0.17420487105846405,0
CON_E_0002305.wav,4,0,1.1699885129928589,0
CON_E_0002331.wav,7,-0.06758957356214523,1.3253377676010132,0
CON_E_0002347.wav,3,0,2.907900094985962,0
CON_E_0002350.wav,7,0.007951915264129639,1.6829140186309814,0
CON_E_0002352.wav,11,-0.4812866747379303,1.1169081926345825,0
CON_E_0002367.wav,9,0.4394156336784363,-0.8212707042694092,0
CON_E_0002377.wav,6,-2.8787262439727783,1.2377033233642578,0
CON_E_0002378.wav,4,0.13183379173278809,1.9135949611663818,0
CON_E_0002379.wav,8,1.0468008518218994,0.8405453562736511,0
CON_E_0002392.wav,4,2.2209136486053467,1.5833196640014648,0
CON_E_0002401.wav,13,-0.372692734003067,0.4681544601917267,0
CON_E_0002403.wav,8,0.8249414563179016,-0.49699053168296814,0
CON_E_0002405.wav,11,-1.911306619644165,1.1556307077407837,0
CON_E_0002416.wav,10,0.40481171011924744,-0.9475767612457275,0
CON_E_0002421.wav,9,-0.6761144995689392,0.23071061074733734,0
CON_E_0002433.wav,13,0.2720477879047394,-0.47841545939445496,0
CON_E_0002435.wav,8,0.8669742941856384,-0.7125720977783203,0
CON_E_0002436.wav,4,0,1.9176260232925415,0
CON_E_0002446.wav,8,-0.6208325624465942,2.64436411857605,0
CON_E_0002457.wav,3,0,2.690114974975586,0
CON_E_0002467.wav,8,0.4728589355945587,1.0692698955535889,0
CON_E_0002477.wav,6,-1.809619426727295,1.8953783512115479,0
CON_E_0002485.wav,6,2.045305013656616,0.8609903454780579,0
CON_E_0002486.wav,8,-0.5248876214027405,0.701508641242981,0
CON_E_0002489.wav,6,0,1.0235934257507324,0
CON_E_0002491.wav,10,-1.3376123905181885,0.5348976254463196,0
CON_E_0002493.wav,8,-4.638102054595947,0.7023323774337769,0
CON_E_0002494.wav,7,-3.01482892036438,1.2494457960128784,0
CON_E_0002495.wav,12,0,0.8635913729667664,0
CON_E_0002496.wav,8,0.3086208403110504,1.3557875156402588,0
CON_E_0002498.wav,8,0,0.4910341203212738,0
CON_E_0002500.wav,6,0,1.7092654705047607,0.7102539539337158
CON_E_0002504.wav,12,-0.13749848306179047,0.627234160900116,0
CON_E_0002508.wav,4,-0.8023732304573059,2.2691524028778076,0
CON_E_0002517.wav,9,-0.36201393604278564,0.7715896964073181,0
CON_E_0002519.wav,5,0,1.0741291046142578,0
CON_E_0002523.wav,2,-3.4913065433502197,3.8035521507263184,0
CON_E_0002540.wav,6,-2.157309055328369,1.41819167137146,0
CON_E_0002542.wav,8,0.3302491307258606,0.12742693722248077,0
CON_E_0002550.wav,10,0.7822799682617188,-0.24937134981155396,0
CON_E_0002551.wav,8,0.17652246356010437,0.6254849433898926,0
CON_E_0002556.wav,8,0,1.0289103984832764,0
CON_E_0002557.wav,9,-1.5596754550933838,0.7703800797462463,0
CON_E_0002564.wav,3,0.719738781452179,0.5350558161735535,0
CON_E_0002566.wav,3,0,2.6164028644561768,0
CON_E_0002571.wav,7,-1.4430651664733887,1.5689672231674194,0
CON_E_0002581.wav,6,0.47506624460220337,1.2192072868347168,0
CON_E_0002583.wav,6,2.4890289306640625,-2.090637683868408,0
CON_E_0002587.wav,10,-0.606083333492279,1.0320371389389038,0
CON_E_0002590.wav,5,-0.1927376389503479,2.341374635696411,0
CON_E_0002596.wav,5,0.4690855145454407,2.138875722885132,0
CON_E_0002599.wav,6,1.7456932067871094,1.7815468311309814,0
CON_E_0002601.wav,5,0,0.9005357623100281,0
CON_E_0002602.wav,4,0,1.8048802614212036,0
CON_E_0002607.wav,8,0,0.5349193215370178,0
CON_E_0002609.wav,12,0,0.6783679127693176,0
CON_E_0002614.wav,11,-0.8062642812728882,0.7267292737960815,0
CON_E_0002630.wav,6,-1.135632872581482,1.7005096673965454,0
CON_E_0002649.wav,3,0,0.5259308815002441,2.433727502822876
CON_E_0002655.wav,6,0,0.7527444958686829,0
CON_E_0002656.wav,4,0.47821545600891113,0.3795241415500641,0
CON_E_0002662.wav,5,1.1058833599090576,2.6604371070861816,0
CON_E_0002681.wav,7,-3.3866076469421387,0.7780097126960754,0
CON_E_0002682.wav,9,0.19900137186050415,0.1496536284685135,0
CON_E_0002689.wav,7,0,0.8940819501876831,0
CON_E_0002705.wav,6,0,1.4141629934310913,0
CON_E_0002709.wav,5,2.4188711643218994,-1.3206638097763062,0
CON_E_0002744.wav,7,0.9859709143638611,-0.02225492335855961,0
CON_E_0002751.wav,9,-0.08216436207294464,0.6650072932243347,0
CON_E_0002752.wav,8,-0.2790062725543976,1.5821819305419922,0
CON_E_0002753.wav,9,-0.5004702806472778,1.2717965841293335,0
CON_E_0002768.wav,10,0,0.23246081173419952,0
CON_E_0002789.wav,11,1.4993963241577148,-0.2220052182674408,0
CON_E_0002800.wav,10,1.9955559968948364,-0.6775650382041931,0
CON_E_0002802.wav,4,-0.9024214744567871,2.6678402423858643,0
CON_E_0002812.wav,7,1.9039052724838257,0.5630746483802795,0
CON_E_0002826.wav,9,-0.8525147438049316,1.3593165874481201,0
CON_E_0002831.wav,3,0.45531320571899414,1.5222859382629395,0
CON_E_0002835.wav,8,-0.24746592342853546,0.6119868159294128,0
CON_E_0002852.wav,6,1.2907521724700928,0.9104219079017639,0
CON_E_0002853.wav,5,3.7331252098083496,0.9363462328910828,0
CON_E_0002854.wav,6,0,1.4300546646118164,-0.7349222898483276
CON_E_0002861.wav,8,0.1431046575307846,0.44646263122558594,0
CON_E_0002870.wav,7,0.12310545891523361,-0.11682239174842834,0
CON_E_0002885.wav,11,0.048717498779296875,0.8105579018592834,0
CON_E_0002897.wav,5,-3.2242043018341064,1.7396245002746582,0
CON_E_0002905.wav,7,0.9769699573516846,2.0798048973083496,0
CON_E_0002909.wav,9,0.1438583880662918,0.7897769808769226,0
CON_E_0002936.wav,5,0.3885094225406647,1.810471773147583,0
CON_E_0002947.wav,3,-0.5797761082649231,0.4393685460090637,0
CON_E_0002951.wav,3,2.2553703784942627,0,0
CON_E_0002955.wav,10,-0.6128026843070984,1.0263539552688599,0
CON_E_0002964.wav,6,1.409812331199646,1.386935830116272,0
CON_E_0002967.wav,5,0,1.3391599655151367,0
CON_E_0002974.wav,10,-0.1683860868215561,0.5859492421150208,0
CON_E_0002978.wav,6,-1.8928955793380737,0.8769789934158325,0
CON_E_0002980.wav,5,0,0.4526614546775818,0
CON_E_0002984.wav,5,0,1.8538774251937866,0
CON_E_0002996.wav,9,-0.11639199405908585,1.8254008293151855,0
CON_E_0002997.wav,6,0,1.372696876525879,0
CON_E_0003005.wav,7,0,1.4403632879257202,0
CON_E_0003011.wav,5,0,1.6669257879257202,0
CON_E_0003024.wav,5,-0.24311619997024536,1.2671864032745361,0
CON_E_0003025.wav,9,-0.34720027446746826,0.44628238677978516,0
CON_E_0003040.wav,5,0,1.8431670665740967,0
CON_E_0003043.wav,11,0.1985938549041748,0.006617724895477295,0
CON_E_0003048.wav,6,-0.6720793843269348,1.521426796913147,0
CON_E_0003054.wav,12,-1.416798710823059,0.816974401473999,0
CON_E_0003066.wav,12,-1.5813038349151611,0.9254282712936401,0
CON_E_0003067.wav,10,0,0.9502728581428528,0
CON_E_0003072.wav,4,0,2.1219189167022705,0
CON_E_0003078.wav,7,0,1.186440110206604,0
CON_E_0003081.wav,11,-0.3544389009475708,0.8281176090240479,0
CON_E_0003085.wav,3,4.963255882263184,1.7879366874694824,0
CON_E_0003096.wav,8,0,1.3609988689422607,0
CON_E_0003106.wav,8,1.6811070442199707,0.03548222780227661,0
CON_E_0003124.wav,4,0.7431022524833679,5.260056018829346,0
CON_E_0003143.wav,4,0,1.037184238433838,0
CON_E_0003148.wav,5,0,0.499760240316391,0
CON_E_0003153.wav,12,0,0.1732637882232666,0
CON_E_0003159.wav,4,2.439466953277588,-0.971499502658844,0
CON_E_0003166.wav,6,0,1.5161837339401245,0
CON_E_0003167.wav,9,0,0.9242245554924011,0
CON_E_0003173.wav,8,1.024509310722351,-1.054145336151123,0
CON_E_0003174.wav,12,0,0.6642963290214539,0
CON_E_0003177.wav,7,0,0.9913566708564758,0
CON_E_0003194.wav,9,0.19390156865119934,0.29475313425064087,0
CON_E_0003196.wav,9,-3.4325835704803467,0.8557889461517334,0
CON_E_0003199.wav,3,0,1.8322938680648804,0
CON_E_0003200.wav,4,1.7649555206298828,0.83793705701828,0
CON_E_0003204.wav,7,0.4148155450820923,1.5018601417541504,0
CON_E_0003209.wav,10,-1.0109496116638184,0.9463757872581482,0
CON_E_0003216.wav,7,0,0.5205110311508179,0
CON_E_0003220.wav,5,-0.5190213322639465,1.951884150505066,0
CON_E_0003226.wav,4,0,1.680010437965393,0
CON_E_0003233.wav,10,0,0.8857842683792114,0
CON_E_0003234.wav,6,0.020408324897289276,1.2674819231033325,0
CON_E_0003247.wav,8,0,0.5523141622543335,0
CON_E_0003252.wav,6,0.9406667947769165,0.5508052110671997,0
CON_E_0003258.wav,5,1.741753101348877,-0.9450746178627014,0
CON_E_0003270.wav,10,0.345319539308548,-0.2306230515241623,0
CON_E_0003271.wav,9,0.7685298323631287,-0.2256188839673996,0
CON_E_0003274.wav,9,0.243519589304924,0.8507289886474609,0
CON_E_0003275.wav,6,0.2775367498397827,0.47199639678001404,0
CON_E_0003289.wav,7,-0.42352354526519775,1.7365210056304932,0
CON_E_0003296.wav,7,2.1021974086761475,-1.8669102191925049,0
CON_E_0003298.wav,9,-0.9140419363975525,1.6573147773742676,0
CON_E_0003299.wav,6,0,1.0598061084747314,0
CON_E_0003301.wav,6,0.8154277801513672,2.0782949924468994,0
CON_E_0003304.wav,4,0,1.8415400981903076,0
CON_E_0003311.wav,5,1.6713557243347168,1.7950111627578735,0
CON_E_0003313.wav,7,0,1.428048849105835,0
CON_E_0003320.wav,7,0,1.4814327955245972,0
CON_E_0003323.wav,6,0,1.4269423484802246,0
CON_E_0003330.wav,7,0,1.088006854057312,0
CON_E_0003332.wav,6,0,1.2781548500061035,0
CON_E_0003338.wav,8,-1.1055755615234375,1.328845500946045,0
CON_E_0003347.wav,6,0.13295604288578033,1.1707205772399902,0
CON_E_0003365.wav,7,-0.8053989410400391,1.2800360918045044,0
CON_E_0003374.wav,8,-3.322345018386841,0.800421416759491,0
CON_E_0003379.wav,6,0,1.494183897972107,0
CON_E_0003384.wav,4,0,1.058392882347107,0
CON_E_0003386.wav,11,-1.131955623626709,0.6300588846206665,0
CON_E_0003392.wav,8,-0.27775323390960693,0.900759756565094,0
CON_E_0003407.wav,5,0,1.2453649044036865,0
CON_E_0003409.wav,5,0,0.4306686818599701,0
CON_E_0003411.wav,7,1.3815923929214478,0.03194960951805115,0
CON_E_0003430.wav,7,0,0.45074620842933655,0
CON_E_0003431.wav,5,-1.6702160835266113,0.08193626999855042,0
CON_E_0003432.wav,5,-0.14196448028087616,1.536208152770996,0
CON_E_0003448.wav,8,-1.0751965045928955,0.5750290751457214,0
CON_E_0003451.wav,5,0,1.3021501302719116,0
CON_E_0003457.wav,5,0.1529187262058258,-0.09360921382904053,0
CON_E_0003459.wav,5,0,1.6554750204086304,0
CON_E_0003463.wav,6,-0.8139083981513977,2.183730363845825,0
CON_E_0003468.wav,4,0,1.6873420476913452,0
CON_E_0003472.wav,6,0,-0.09901866316795349,0
CON_E_0003475.wav,2,0.5035370588302612,0.2855137884616852,0
CON_E_0003483.wav,8,0.021844521164894104,1.6335159540176392,0
CON_E_0003488.wav,6,-0.40124601125717163,-0.10973116755485535,0
CON_E_0003501.wav,9,-0.45721492171287537,0.6591408252716064,0
CON_E_0003505.wav,5,1.5962382555007935,-0.05884896218776703,0
CON_E_0003514.wav,10,1.608811855316162,0.131753072142601,0
CON_E_0003519.wav,8,-2.029428482055664,0.7550820708274841,0
CON_E_0003520.wav,14,-0.34221965074539185,0.8239540457725525,0
CON_E_0003527.wav,11,-2.4046359062194824,0.7909592390060425,0
CON_E_0003529.wav,13,0.001429535448551178,0.8853460550308228,0
CON_E_0003542.wav,5,-3.260687828063965,2.1441595554351807,0
CON_E_0003548.wav,4,1.968867540359497,1.089225172996521,0
CON_E_0003555.wav,6,-0.15802925825119019,1.5324372053146362,0
CON_E_0003576.wav,7,1.274823546409607,-0.87491774559021,0
CON_E_0003577.wav,4,0.23226609826087952,2.7316739559173584,0
CON_E_0003582.wav,16,0,0.17784897983074188,0
CON_E_0003583.wav,8,-0.9432653188705444,1.2723819017410278,0
CON_E_0003587.wav,8,0,0.7306504845619202,0
CON_E_0003598.wav,4,1.6568666696548462,1.805516242980957,0
CON_E_0003600.wav,7,0,1.1120235919952393,0
CON_E_0003601.wav,6,0.8920779228210449,1.9523438215255737,0
CON_E_0003607.wav,3,4.39682149887085,-0.1414739042520523,0
CON_E_0003619.wav,9,-0.31074225902557373,1.0387585163116455,0
CON_E_0003623.wav,11,-1.2345366477966309,0.4425813853740692,0
CON_E_0003629.wav,9,0.5413631200790405,-0.21514016389846802,0
CON_E_0003631.wav,5,0,0.961650013923645,0
CON_E_0003636.wav,6,-0.996612548828125,1.2839046716690063,0
CON_E_0003637.wav,9,0,0.436208039522171,0
CON_E_0003641.wav,5,0,1.509954571723938,0
CON_E_0003645.wav,4,0,0.7376299500465393,0
CON_E_0003648.wav,6,-0.10930804163217545,0.4547673463821411,0
CON_E_0003649.wav,7,0.7013534903526306,1.1189922094345093,0
CON_E_0003662.wav,4,1.8196700811386108,0.3023732304573059,0
CON_E_0003664.wav,4,0,0.5893063545227051,0
CON_E_0003667.wav,7,0,0.44395023584365845,0
CON_E_0003669.wav,7,0,1.2369232177734375,0
CON_E_0003676.wav,6,0,1.0554991960525513,0
CON_E_0003685.wav,4,0.09799925237894058,4.212009429931641,0
CON_E_0003687.wav,8,1.0313514471054077,-0.8329441547393799,0
CON_E_0003688.wav,11,-0.08384734392166138,0.8916689157485962,0
CON_E_0003700.wav,7,-0.8410117626190186,1.091750144958496,0
CON_E_0003701.wav,7,-0.07429753988981247,0.49055910110473633,0
CON_E_0003711.wav,8,0,0.9335951805114746,0
CON_E_0003718.wav,6,0,0.610389769077301,0
CON_E_0003719.wav,6,0,0.7353330254554749,0
CON_E_0003723.wav,4,-1.0382704734802246,2.562969923019409,0
CON_E_0003725.wav,5,0,0.9600973129272461,0
CON_E_0003732.wav,7,0.7284783720970154,0.6131190061569214,0
CON_E_0003733.wav,7,0,1.5143928527832031,0
CON_E_0003734.wav,12,0,0.4907017946243286,0
CON_E_0003760.wav,6,5.07653284072876,-0.9193499684333801,0
CON_E_0003767.wav,10,-0.9847829937934875,1.0962154865264893,0
CON_E_0003770.wav,7,-1.5165214538574219,0.6441917419433594,0
CON_E_0003775.wav,8,0.6504772901535034,1.3977258205413818,0
CON_E_0003777.wav,7,0,0.44127774238586426,0.8784397840499878
CON_E_0003779.wav,8,0,1.274916172027588,0
CON_E_0003783.wav,3,0.5850280523300171,-0.1460905522108078,0
CON_E_0003785.wav,5,0,1.258319616317749,0
CON_E_0003788.wav,11,0,0.01851526089012623,0
CON_E_0003790.wav,3,0,1.491305947303772,0
CON_E_0003791.wav,8,-1.6536478996276855,1.4279448986053467,0
CON_E_0003794.wav,5,0,1.2344979047775269,0
CON_E_0003796.wav,8,0.20807866752147675,-0.023133134469389915,0
CON_E_0003799.wav,6,0,-0.015945354476571083,0
CON_E_0003801.wav,11,-0.4881681203842163,1.0021411180496216,0
CON_E_0003808.wav,8,-3.205583333969116,0.9018526673316956,0
CON_E_0003809.wav,6,-0.38121092319488525,2.041177272796631,0
CON_E_0003814.wav,7,0,0.1331835687160492,0
CON_E_0003820.wav,7,0,1.471095085144043,0
CON_E_0003822.wav,9,0,0.5353260636329651,0
CON_E_0003823.wav,7,0.775747537612915,1.204945683479309,0
CON_E_0003831.wav,5,-1.5909987688064575,1.8296860456466675,0
CON_E_0003834.wav,12,0,0.44277533888816833,0
CON_E_0003836.wav,6,-0.05570220947265625,1.8277003765106201,0
CON_E_0003841.wav,8,0,0.6672006845474243,0
CON_E_0003848.wav,4,0,0.9270537495613098,0
CON_E_0003851.wav,10,0.4063594341278076,-0.8801694512367249,0
CON_E_0003865.wav,11,0,0.22277016937732697,0
CON_E_0003866.wav,5,1.257474422454834,1.1321473121643066,0
CON_E_0003875.wav,10,-3.9598119258880615,0.32318437099456787,0
CON_E_0003879.wav,7,0,1.4081594944000244,0
CON_E_0003880.wav,7,1.483091950416565,0.5246251821517944,0
CON_E_0003891.wav,6,0,-0.5985193848609924,0
CON_E_0003892.wav,5,0,1.2269333600997925,0
CON_E_0003893.wav,5,0,2.179138422012329,0
CON_E_0003909.wav,6,0.7011874914169312,2.126274585723877,0
CON_E_0003910.wav,5,0.12116312980651855,1.6454135179519653,0
CON_E_0003911.wav,8,0,0.5805288553237915,0
CON_E_0003922.wav,7,0,0.8594014048576355,0
CON_E_0003923.wav,7,2.188537836074829,0.8859696984291077,0
CON_E_0003924.wav,8,0.28889045119285583,0.22569870948791504,0
CON_E_0003930.wav,6,0,0.606193482875824,0
CON_E_0003932.wav,4,0.9974156022071838,-0.3233720362186432,0
CON_E_0003950.wav,6,-0.2844056487083435,1.9046075344085693,0
CON_E_0003961.wav,8,-0.4723948538303375,1.2292671203613281,0
CON_E_0003965.wav,5,0,1.3919332027435303,0
CON_E_0003975.wav,11,0,0.6901172399520874,0
CON_E_0003982.wav,9,0,0.20686668157577515,0
CON_E_0003986.wav,8,0,0.8656811714172363,0
CON_E_0003990.wav,10,-0.24039633572101593,1.2377879619598389,0
CON_E_0004009.wav,5,1.4342128038406372,0.7793106436729431,1.9171041250228882
CON_E_0004020.wav,14,0.4313479959964752,-0.4452987015247345,0
CON_E_0004021.wav,5,0.9386939406394958,0.7023904919624329,0
CON_E_0004051.wav,11,-1.9275572299957275,0.5442161560058594,0
CON_E_0004052.wav,6,0.7238749861717224,0.6156499981880188,0
CON_E_0004054.wav,12,0.7078875303268433,-0.5132091641426086,0
CON_E_0004055.wav,6,-0.10178226232528687,2.1082825660705566,0
CON_E_0004064.wav,7,0,1.0707675218582153,0
CON_E_0004066.wav,10,-0.14239242672920227,1.0124437808990479,0
CON_E_0004067.wav,7,3.373608112335205,0.6209326386451721,0
CON_E_0004071.wav,11,1.4200305938720703,-0.12150375545024872,0
CON_E_0004073.wav,12,-0.7472871541976929,1.380116581916809,0
CON_E_0004104.wav,3,0,2.1878201961517334,0
CON_E_0004109.wav,15,0.46951302886009216,-0.4202444553375244,0
CON_E_0004134.wav,12,0,0.8777977824211121,0
CON_E_0004147.wav,4,0,0.3723669648170471,0
CON_E_0004150.wav,5,-0.18604612350463867,1.7468318939208984,0
CON_E_0004160.wav,8,-3.230466842651367,1.1984069347381592,0
CON_E_0004170.wav,4,-0.18062850832939148,2.8709609508514404,0
CON_E_0004171.wav,7,-0.3578837811946869,0.8675182461738586,0
CON_E_0004172.wav,8,0.1642870008945465,1.7482774257659912,0
CON_E_0004184.wav,3,0.07941808551549911,1.5071765184402466,0
CON_E_0004195.wav,6,0.6896705031394958,0.34264254570007324,0
CON_E_0004198.wav,6,-2.178055763244629,1.292297601699829,0
CON_E_0004199.wav,5,-0.3463381826877594,1.424515724182129,0
CON_E_0004202.wav,9,0.4282715916633606,0.956842839717865,0
CON_E_0004205.wav,8,-0.579318106174469,1.2997795343399048,0
CON_E_0004220.wav,2,0.7747998237609863,1.535824179649353,0
CON_E_0004222.wav,10,-0.29247456789016724,0.3692890703678131,0
CON_E_0004226.wav,10,3.201331377029419,-0.3718421161174774,0
CON_E_0004233.wav,7,0,1.7767518758773804,-1.0376754999160767
CON_E_0004234.wav,11,-0.24114616215229034,0.19494511187076569,0
CON_E_0004251.wav,14,0.09551693499088287,-0.1039997935295105,0
CON_E_0004262.wav,7,0.6262296438217163,1.4684101343154907,0
CON_E_0004263.wav,6,0,1.0694339275360107,0
CON_E_0004272.wav,7,0,1.2066043615341187,0
CON_E_0004281.wav,8,1.113765835762024,0.8917381763458252,0
CON_E_0004283.wav,10,-0.47393500804901123,0.8758044242858887,0
CON_E_0004288.wav,6,1.6718016862869263,0.776356041431427,0
CON_E_0004304.wav,9,-0.781196117401123,1.1543946266174316,0
CON_E_0004312.wav,6,0,1.1904946565628052,0
CON_E_0004313.wav,7,0,1.2090266942977905,0
CON_E_0004314.wav,8,0,0.9658174514770508,-0.29990363121032715
CON_E_0004317.wav,12,-0.45250844955444336,0.4323809742927551,0
CON_E_0004319.wav,8,-0.5961959958076477,0.26495561003685,0
CON_E_0004325.wav,11,0.18845345079898834,0.9794220924377441,0
CON_E_0004326.wav,8,-0.5310897827148438,0.8131667375564575,0
CON_E_0004337.wav,8,0,1.3414480686187744,0
CON_E_0004360.wav,5,0,1.5463846921920776,0
CON_E_0004378.wav,7,-0.8553755283355713,1.5178629159927368,0
CON_E_0004383.wav,2,5.973993301391602,5.743820667266846,0
CON_E_0004388.wav,5,-0.5829561948776245,-1.0819587707519531,0
CON_E_0004391.wav,7,0,0.9350963830947876,0
CON_E_0004399.wav,6,-0.40717262029647827,-0.45497095584869385,0
CON_E_0004401.wav,6,1.5784237384796143,0.44135135412216187,0
CON_E_0004405.wav,7,0,0.6706299185752869,0
CON_E_0004413.wav,8,-0.44264814257621765,1.2158979177474976,0
CON_E_0004414.wav,8,-1.9699339866638184,1.0416845083236694,0
CON_E_0004461.wav,8,0,1.0405662059783936,0
CON_E_0004464.wav,5,0,1.2228599786758423,0
CON_E_0004465.wav,13,0.7154901623725891,-0.5973596572875977,0
CON_E_0004473.wav,12,-1.081788420677185,0.7899541854858398,0
CON_E_0004488.wav,6,0,1.335950493812561,0
CON_E_0004498.wav,11,0.614979088306427,0.5792439579963684,0
CON_E_0004499.wav,7,1.0308305025100708,1.8373719453811646,0
CON_E_0004501.wav,9,-1.7099286317825317,1.061841368675232,0
CON_E_0004508.wav,7,-2.7022993564605713,1.5292805433273315,0
CON_E_0004509.wav,7,0.7818627953529358,-0.20639155805110931,0
CON_E_0004510.wav,3,0,1.972147822380066,0
CON_E_0004511.wav,8,-1.4703609943389893,0.871176540851593,0
CON_E_0004514.wav,11,-0.19048720598220825,0.4805627465248108,0
CON_E_0004515.wav,3,0,1.0377696752548218,0
CON_E_0004517.wav,6,-0.9797408580780029,1.1643257141113281,0
CON_E_0004520.wav,5,0.6873489618301392,0.6012352108955383,0
CON_E_0004523.wav,6,0,1.1486018896102905,0
CON_E_0004536.wav,3,0,3.711169958114624,0
CON_E_0004549.wav,10,2.2528820037841797,-0.6401724219322205,0
CON_E_0004552.wav,10,-0.6201614737510681,0.6718710064888,0
CON_E_0004569.wav,6,1.6100647449493408,0.7043615579605103,0
CON_E_0004570.wav,8,0.5611528754234314,0.11131467670202255,0
CON_E_0004587.wav,7,3.3827013969421387,-1.1977983713150024,0
CON_E_0004589.wav,8,-2.3465073108673096,0.793714702129364,0
CON_E_0004606.wav,7,-0.7520186305046082,1.2048583030700684,0
CON_E_0004621.wav,6,0,1.05707585811615,0
CON_E_0004622.wav,7,1.2700152397155762,0.4467039704322815,0
CON_E_0004628.wav,8,0,0.45196735858917236,0
CON_E_0004630.wav,5,1.7708758115768433,1.2098875045776367,0
CON_E_0004631.wav,7,0,1.3902995586395264,0
CON_E_0004640.wav,9,0,0.2518736720085144,0
CON_E_0004647.wav,10,0,0.36708346009254456,0
CON_E_0004652.wav,12,-0.39549583196640015,1.0549122095108032,0
CON_E_0004668.wav,7,-2.2561111450195312,0.6895440220832825,0
CON_E_0004673.wav,5,-0.20460283756256104,1.5571268796920776,0
CON_E_0004688.wav,5,0,1.3032801151275635,0
CON_E_0004697.wav,7,0,0.9989562630653381,0
CON_E_0004703.wav,5,1.5366765260696411,1.6706359386444092,0
CON_E_0004710.wav,6,-0.4478107690811157,1.0852006673812866,0
CON_E_0004714.wav,4,1.5859102010726929,0.3367827832698822,0
CON_E_0004720.wav,10,0,0.38805076479911804,0
CON_E_0004733.wav,5,0.8902969360351562,1.7556324005126953,0
CON_E_0004744.wav,5,0.37308555841445923,1.2935552597045898,0
CON_E_0004746.wav,3,0.1973896324634552,0.7589080929756165,0
CON_E_0004747.wav,8,-2.9729809761047363,0.8333716988563538,0
CON_E_0004751.wav,9,0.50288987159729,0,0
CON_E_0004786.wav,6,-0.2537001371383667,2.258000612258911,0
CON_E_0004793.wav,6,1.6912264823913574,0.5638411045074463,0
CON_E_0004797.wav,4,0,1.0699164867401123,0
CON_E_0004804.wav,7,0,0.8522536158561707,0
CON_E_0004807.wav,8,0.5557654500007629,0.5994420647621155,0
CON_E_0004812.wav,5,-0.26153668761253357,1.1558901071548462,0
CON_E_0004817.wav,5,0,1.3829470872879028,0
CON_E_0004832.wav,5,-0.3901316225528717,2.438218355178833,0
CON_E_0004846.wav,8,1.6808665990829468,-1.8278639316558838,0
CON_E_0004860.wav,10,-0.592974066734314,0.8686793446540833,0
CON_E_0004876.wav,9,-1.1684672832489014,0.6865668892860413,0
CON_E_0004895.wav,7,0.13849382102489471,0.07445824146270752,0
CON_E_0004902.wav,7,-1.460464358329773,1.1576899290084839,0
CON_E_0004910.wav,8,-0.44734621047973633,1.2272425889968872,0
CON_E_0004918.wav,6,2.1316003799438477,0.607283353805542,0
CON_E_0004919.wav,5,0,0.9073632955551147,0
CON_E_0004927.wav,9,0,0.5209538340568542,0
CON_E_0004939.wav,7,0,1.3379849195480347,0.6896300911903381
CON_E_0004941.wav,4,0,1.3259668350219727,0
CON_E_0004943.wav,6,1.8834798336029053,1.3493499755859375,0
CON_E_0004955.wav,5,0.32310542464256287,2.1439223289489746,0
CON_E_0004958.wav,7,0,0.7577479481697083,0
CON_E_0004975.wav,11,-0.00858532264828682,1.0198925733566284,0
CON_E_0004984.wav,4,0,1.9475504159927368,0
CON_E_0004994.wav,6,0.6410104036331177,1.3333680629730225,0
CON_E_0005003.wav,7,0,0.21907900273799896,0
CON_E_0005005.wav,13,1.0605136156082153,-0.3526706099510193,0
CON_E_0005008.wav,5,-0.8740282654762268,0.6066924333572388,0
CON_E_0005011.wav,6,0.014095425605773926,-0.8377496600151062,0
CON_E_0005020.wav,13,-0.5827866196632385,0.8301259875297546,0
CON_E_0005034.wav,5,0,0.11225789785385132,0
CON_E_0005036.wav,2,0,-0.056890394538640976,0
CON_E_0005050.wav,10,-0.6979882121086121,1.196460247039795,0
CON_E_0005060.wav,4,0.696841835975647,0.9785845279693604,0
CON_E_0005075.wav,5,0.20258021354675293,2.17248797416687,0
CON_E_0005084.wav,6,0,1.114870309829712,0.04344792291522026
CON_E_0005087.wav,14,0.42738884687423706,-1.222593069076538,0
CON_E_0005089.wav,10,-0.7413906455039978,1.2381552457809448,0
CON_E_0005092.wav,6,0,0.5476197004318237,2.1335580348968506
CON_E_0005094.wav,5,0.19575342535972595,1.2484264373779297,0
CON_E_0005095.wav,10,0,0.16323885321617126,0
CON_E_0005103.wav,4,0.8818109035491943,0.9874750375747681,0
CON_E_0005112.wav,8,0,1.0906153917312622,0
CON_E_0005114.wav,6,0.1343178153038025,1.0629040002822876,0
CON_E_0005125.wav,5,0,0.8273245096206665,0
CON_E_0005126.wav,7,-1.1256855726242065,1.9307676553726196,0
CON_E_0005127.wav,12,-0.57854163646698,0.6200876832008362,0
CON_E_0005139.wav,7,1.0273853540420532,0.7544689774513245,0
CON_E_0005157.wav,7,1.610673427581787,0.8689754605293274,0
CON_E_0005166.wav,4,1.9592137336730957,1.6310577392578125,0
CON_E_0005171.wav,7,-1.4967418909072876,1.2625689506530762,0
CON_E_0005176.wav,10,-0.6135883927345276,0.5223930478096008,0
CON_E_0005177.wav,7,-0.5262467861175537,1.0810329914093018,0
CON_E_0005180.wav,11,0.4608307480812073,0.6838094592094421,0
CON_E_0005181.wav,7,-1.2695852518081665,0.47438982129096985,0
CON_E_0005182.wav,8,-1.0605717897415161,1.5565077066421509,0
CON_E_0005183.wav,10,0,0.5390611290931702,0
CON_E_0005184.wav,6,0,0.7025608420372009,0
CON_E_0005199.wav,6,0,1.2343409061431885,0
CON_E_0005201.wav,8,-0.30563101172447205,1.2115479707717896,0
CON_E_0005208.wav,6,0.6854957938194275,1.1583372354507446,0
CON_E_0005210.wav,5,2.378920793533325,1.506911039352417,0
CON_E_0005214.wav,7,0.662278413772583,-1.6099190711975098,0
CON_E_0005246.wav,9,0.5135610103607178,-1.9923324584960938,0
CON_E_0005267.wav,5,0,0.9902981519699097,0
CON_E_0005278.wav,5,0,1.0852506160736084,0
CON_E_0005294.wav,6,-0.44790586829185486,3.5920403003692627,0
CON_E_0005296.wav,4,0,2.1404123306274414,0
CON_E_0005306.wav,4,0.16219957172870636,1.797609806060791,0
CON_E_0005308.wav,6,0,1.8800119161605835,0
CON_E_0005311.wav,4,0,1.2645429372787476,0.8105897307395935
CON_E_0005314.wav,8,-1.8954848051071167,1.3693983554840088,0
CON_E_0005318.wav,5,0,1.484024167060852,0
CON_E_0005341.wav,4,0,0.8225880265235901,0
CON_E_0005356.wav,14,-0.0871812105178833,0.1397554725408554,0
CON_E_0005358.wav,7,2.7090041637420654,1.142959713935852,0
CON_E_0005360.wav,8,0,0.7609862089157104,0
CON_E_0005361.wav,4,1.956020474433899,3.6452016830444336,0
CON_E_0005362.wav,7,0,0.3267936706542969,0
CON_E_0005371.wav,8,0,0.8870790004730225,0
CON_E_0005376.wav,5,1.2091505527496338,2.2448387145996094,0
CON_E_0005378.wav,14,0,0.4517443776130676,0
CON_E_0005380.wav,21,0,0.13679517805576324,0
CON_E_0005381.wav,6,0.48500001430511475,0.7695713043212891,0
CON_E_0005393.wav,4,0,0.9338780045509338,0.7407703995704651
CON_E_0005401.wav,7,-0.1721191257238388,1.2756145000457764,0
CON_E_0005404.wav,6,0,1.3577494621276855,0.17657756805419922
CON_E_0005413.wav,4,0,0.43978598713874817,0
CON_E_0005416.wav,6,0,0.35426783561706543,0
CON_E_0005419.wav,5,0,1.9056392908096313,-1.1099236011505127
CON_E_0005422.wav,8,-0.2750222086906433,1.2712305784225464,0
CON_E_0005423.wav,7,1.4926708936691284,0.9155097007751465,1.7965164184570312
CON_E_0005424.wav,4,0,1.614479660987854,0
CON_E_0005436.wav,8,-0.6622616648674011,1.0960817337036133,0
CON_E_0005440.wav,4,0,0.5853942632675171,0
CON_E_0005442.wav,5,-0.2903252840042114,2.2629332542419434,0
CON_E_0005444.wav,8,0,0.9659894108772278,0
CON_E_0005447.wav,7,0,0.5810240507125854,0
CON_E_0005451.wav,5,0,0.7998734712600708,0
CON_E_0005452.wav,11,0,0.3970157504081726,0
CON_E_0005456.wav,6,0,1.5467087030410767,0
CON_E_0005465.wav,6,1.1108922958374023,1.3963956832885742,0
CON_E_0005466.wav,6,0,1.3755474090576172,0
CON_E_0005474.wav,7,2.7305960655212402,1.0671240091323853,0
CON_E_0005484.wav,7,-0.7299590110778809,2.2198147773742676,0
CON_E_0005488.wav,18,-1.2298710346221924,0.39658623933792114,0
CON_E_0005495.wav,5,0,1.2506678104400635,0
CON_E_0005508.wav,7,-0.7465174198150635,2.125711441040039,0
CON_E_0005513.wav,5,-0.7524512410163879,1.545272707939148,0
CON_E_0005522.wav,6,-1.2084598541259766,1.1948871612548828,0
CON_E_0005533.wav,22,0.1542583703994751,0.05345795303583145,0
CON_E_0005538.wav,6,0,0.9426401257514954,0
CON_E_0005543.wav,5,0.18549340963363647,2.4098947048187256,0
CON_E_0005547.wav,6,-0.4240216910839081,1.0562783479690552,0
CON_E_0005548.wav,7,-0.20245829224586487,1.0024874210357666,0
CON_E_0005549.wav,5,-2.0119552612304688,1.8630800247192383,0
CON_E_0005553.wav,8,0,0.8382982611656189,2.0944199562072754
CON_E_0005557.wav,5,0,1.762891173362732,0
CON_E_0005559.wav,9,-1.4392924308776855,1.0264818668365479,-0.31310194730758667
CON_E_0005567.wav,7,0,0.9040972590446472,0
CON_E_0005573.wav,9,-1.4726635217666626,0.3224155008792877,0
CON_E_0005574.wav,6,0,1.2199666500091553,-0.6875395178794861
CON_E_0005586.wav,9,0,0.9835988283157349,0
CON_E_0005594.wav,5,0,1.8552732467651367,-0.8825936317443848
CON_E_0005596.wav,12,0.03626900166273117,0.016225459054112434,0
CON_E_0005603.wav,5,0,0.6195855140686035,2.8582515716552734
CON_E_0005607.wav,6,0.7247639298439026,1.145812749862671,0
CON_E_0005608.wav,7,1.4188395738601685,1.2616238594055176,0
CON_E_0005611.wav,4,0,2.2529423236846924,0
CON_E_0005621.wav,5,3.1960058212280273,1.369553804397583,0
CON_E_0005625.wav,4,0,2.378032922744751,1.0563316345214844
CON_E_0005626.wav,7,0,0.5108711123466492,0
CON_E_0005629.wav,5,0.599648118019104,1.2240840196609497,0
CON_E_0005630.wav,4,1.5942283868789673,2.0557010173797607,0
CON_E_0005632.wav,9,-0.384498655796051,0.8693087697029114,0
CON_E_0005640.wav,9,0,0.9210049510002136,-0.07227002829313278
CON_E_0005641.wav,2,0.11548127979040146,6.768721580505371,0
CON_E_0005645.wav,10,0,0.6060197949409485,0
CON_E_0005646.wav,9,0,0.6499896049499512,0
CON_E_0005647.wav,7,0,0.7276740074157715,0
CON_E_0005651.wav,11,-1.034748911857605,1.1991199254989624,0
CON_E_0005652.wav,7,0,0.6051604151725769,0
CON_E_0005657.wav,16,0.37203943729400635,-0.469696044921875,0
CON_E_0005659.wav,11,1.8729591369628906,-0.612777829170227,0
CON_E_0005660.wav,6,-0.2157694697380066,0.7808804512023926,0
CON_E_0005662.wav,13,0,0.3796088397502899,0
CON_E_0005665.wav,13,0,0.09852337092161179,0
CON_E_0005667.wav,5,0,1.5910027027130127,0
CON_E_0005668.wav,3,0,2.544090986251831,0
CON_E_0005678.wav,12,0,0.1948825567960739,0
CON_E_0005679.wav,10,-0.49125394225120544,0.9005988240242004,0
CON_E_0005683.wav,4,0,1.520393967628479,0
CON_E_0005684.wav,4,0,0.6704061031341553,0
CON_E_0005686.wav,36,-0.9015231132507324,-0.014812633395195007,0
CON_E_0005692.wav,19,-1.0706591606140137,0.18584845960140228,0
CON_E_0005696.wav,5,0,1.2442262172698975,0
CON_E_0005700.wav,7,-2.010662317276001,1.184645652770996,0
CON_E_0005702.wav,7,0,0.6694604158401489,0
CON_E_0005703.wav,4,0.4126933515071869,1.5844515562057495,0
CON_E_0005705.wav,6,0.5310041904449463,1.463179111480713,0
CON_E_0005708.wav,11,-0.11722099781036377,-0.17314951121807098,0
CON_E_0005715.wav,6,1.5537500381469727,1.2176177501678467,0
CON_E_0005719.wav,8,-0.3399932086467743,0.4868132770061493,0
CON_E_0005720.wav,12,-1.6108840703964233,1.059604287147522,0
CON_E_0005722.wav,7,0,0.842971920967102,0
CON_E_0005726.wav,5,3.093939781188965,0.4016698896884918,0
CON_E_0005727.wav,15,0,0.3027838468551636,0
CON_E_0005735.wav,6,0,1.2395248413085938,0
CON_E_0005738.wav,7,0,0.43871262669563293,0
CON_E_0005743.wav,6,0,1.2901723384857178,0
CON_E_0005744.wav,18,0.057286493480205536,0.0012437357800081372,0
CON_E_0005748.wav,5,0,1.3330929279327393,0
CON_E_0005749.wav,11,0,0.9132893085479736,0
CON_E_0005750.wav,7,0,1.2370980978012085,0
CON_E_0005752.wav,10,0,0.6347776651382446,0
CON_E_0005757.wav,11,0,0.6215258836746216,0
CON_E_0005761.wav,9,-1.8249462842941284,0.7271768450737,0
CON_E_0005763.wav,4,0,2.2067291736602783,0
CON_E_0005764.wav,3,0,1.7585511207580566,0
CON_E_0005766.wav,7,-0.9997604489326477,1.2164459228515625,0
CON_E_0005767.wav,4,1.644952654838562,1.9290046691894531,0
CON_E_0005768.wav,8,-4.008236408233643,0.8472467064857483,0
CON_E_0005771.wav,19,-0.315274715423584,0.22284123301506042,0
CON_E_0005776.wav,6,2.5027761459350586,0.8522442579269409,0
CON_E_0005778.wav,8,-1.5326452255249023,1.0611779689788818,0
CON_E_0005780.wav,17,0,0.11968900263309479,0
CON_E_0005782.wav,3,0,3.5822088718414307,0
CON_E_0005783.wav,5,0,1.7732816934585571,0
CON_E_0005785.wav,6,0,0.7341158390045166,0
CON_E_0005787.wav,14,0.30555441975593567,0.0019764224998652935,0
CON_E_0005796.wav,6,-4.737849712371826,1.5343660116195679,0
CON_E_0005799.wav,3,0,0.01236023474484682,0
CON_E_0005802.wav,12,-0.6446902751922607,0.29710355401039124,1.4306665658950806
CON_E_0005803.wav,12,0,0.5865180492401123,0
CON_E_0005805.wav,5,-1.2353906631469727,1.9882584810256958,0
CON_E_0005810.wav,6,0,0.438804030418396,0
CON_E_0005812.wav,5,-0.3349357843399048,0.4492209553718567,0
CON_E_0005814.wav,6,0,0.2537790536880493,0
CON_E_0005818.wav,10,0,0.7433333396911621,0
CON_E_0005820.wav,5,0,2.193474292755127,2.466580390930176
CON_E_0005822.wav,7,0,0.6379988789558411,0
CON_E_0005825.wav,9,-0.07822167873382568,0.25773510336875916,0
CON_E_0005830.wav,7,-1.2576649188995361,1.6329888105392456,0
CON_E_0005832.wav,6,-1.1100553274154663,1.5659490823745728,2.7953481674194336
CON_E_0005836.wav,7,0,0.6139317154884338,0
CON_E_0005841.wav,7,0,0.03973433002829552,0
CON_E_0005848.wav,7,0,1.3804622888565063,0
CON_E_0005849.wav,11,0,0.14096221327781677,0
CON_E_0005850.wav,25,0.08477283269166946,-0.040672771632671356,0
CON_E_0005854.wav,3,-0.32780909538269043,3.011873722076416,0
CON_E_0005865.wav,13,0,0.44124138355255127,0
CON_E_0005882.wav,13,0,0.21767614781856537,0
CON_E_0005888.wav,9,-0.8896276950836182,0.9122716188430786,0
CON_E_0005889.wav,6,-1.9094102382659912,1.8721271753311157,0
CON_E_0005891.wav,30,-0.523076057434082,0.08021754026412964,0
CON_E_0005893.wav,7,0,0.6596330404281616,0
CON_E_0005894.wav,13,0,0.6614335775375366,0
CON_E_0005901.wav,5,-1.7827366590499878,1.6333715915679932,0
CON_E_0005902.wav,7,-0.592418909072876,1.1779614686965942,0
CON_E_0005908.wav,4,0,0.2537285089492798,0
CON_E_0005909.wav,12,0,-0.19371962547302246,0
CON_E_0005911.wav,5,0,1.1304144859313965,0
CON_E_0005919.wav,13,1.7937980890274048,0.02562749572098255,0
CON_E_0005928.wav,7,0,0.8667930960655212,0
CON_E_0005929.wav,6,1.776017189025879,1.4909727573394775,0
CON_E_0005934.wav,10,0,0.6125381588935852,0
CON_E_0005943.wav,10,-0.37667760252952576,0.04995334893465042,0
CON_E_0005944.wav,15,0.46160992980003357,-0.10897955298423767,0
CON_E_0005945.wav,2,0,0.13891786336898804,0
CON_E_0005946.wav,5,0,0.37821048498153687,0
CON_E_0005948.wav,5,0,1.1868059635162354,0
CON_E_0005952.wav,4,4.835590839385986,1.43531334400177,0
CON_E_0005954.wav,34,-0.26152417063713074,0.06154394894838333,0
CON_E_0005955.wav,4,0,0.6272590160369873,0
CON_E_0005956.wav,8,-1.1037911176681519,1.2595034837722778,0
CON_E_0005964.wav,5,0,1.1036239862442017,0
CON_E_0005971.wav,21,0,-0.008588842116296291,0
CON_E_0005975.wav,5,0,0.5200443267822266,0
CON_E_0005979.wav,3,-0.2705080211162567,2.6677298545837402,0
CON_E_0005980.wav,6,0,0.9341862201690674,0
CON_E_0005981.wav,4,0,1.9146326780319214,0
CON_E_0005983.wav,10,0.8671300411224365,0.8460743427276611,0
CON_E_0005987.wav,19,-0.3137636184692383,0.2322971671819687,0
CON_E_0005997.wav,5,0.823859691619873,2.0430734157562256,0
CON_E_0006001.wav,4,0,2.769739866256714,-2.715257406234741
CON_E_0006005.wav,5,0.3029829263687134,1.802429437637329,0
CON_E_0006009.wav,10,0,0.4498109817504883,0
CON_E_0006012.wav,12,0,-0.03305654600262642,0
CON_E_0006015.wav,11,-2.32303524017334,0.6453476548194885,0
CON_E_0006016.wav,5,3.3159263134002686,0.20111089944839478,0
CON_E_0006017.wav,28,0.06499550491571426,-0.03147491067647934,0
CON_E_0006022.wav,25,0,0.02729109115898609,0
CON_E_0006025.wav,5,0,0.6677571535110474,0
CON_E_0006027.wav,6,0,1.4342643022537231,0
CON_E_0006029.wav,5,0,1.2276077270507812,1.0197718143463135
CON_E_0006038.wav,7,-0.03866356611251831,1.1194562911987305,0
CON_E_0006039.wav,9,0,0.48206186294555664,0
CON_E_0006052.wav,9,-3.0113954544067383,0.7864422798156738,0
CON_E_0006055.wav,13,0,0.225465789437294,0
CON_E_0006056.wav,7,2.436293601989746,0.8203463554382324,0
CON_E_0006057.wav,7,0,0.3433706760406494,0
CON_E_0006058.wav,7,-0.5393966436386108,0.9738872051239014,0
CON_E_0006061.wav,14,1.377249836921692,-0.35368141531944275,0
CON_E_0006063.wav,12,-1.04789137840271,0.7046580910682678,0
CON_E_0006069.wav,5,0,0.6149473190307617,0
CON_E_0006076.wav,12,0,0.29789698123931885,0
CON_E_0006078.wav,17,1.3019543886184692,0.18750137090682983,0
CON_E_0006079.wav,10,0,0.8911724090576172,0
CON_E_0006081.wav,21,0,0.2817440927028656,0
CON_E_0006087.wav,19,0,0.24255025386810303,0
CON_E_0006088.wav,16,0.9986259937286377,0.18141455948352814,0
CON_E_0006093.wav,24,-0.4322457015514374,0.20920799672603607,0
CON_E_0006095.wav,3,0,1.4213294982910156,0
CON_E_0006098.wav,6,0,1.166624665260315,-0.7103855013847351
CON_E_0006105.wav,8,-1.1933236122131348,0.5217819213867188,0
CON_E_0006109.wav,6,1.2503156661987305,0.8617740869522095,0
CON_E_0006111.wav,7,0,0.40692636370658875,0
CON_E_0006115.wav,4,0,0.6743046045303345,0
CON_E_0006121.wav,6,0.6996660828590393,0.8056723475456238,0
CON_E_0006124.wav,6,0,1.137178897857666,0
CON_E_0006128.wav,7,2.540611505508423,-0.07755959779024124,0
CON_E_0006131.wav,7,0,0.7695919871330261,0
CON_E_0006141.wav,4,1.7539442777633667,0.9782560467720032,0
CON_E_0006142.wav,12,0.47936004400253296,0.5697377920150757,0
CON_E_0006146.wav,10,-1.1490322351455688,0.8082118034362793,0
CON_E_0006148.wav,14,0,0.025961996987462044,0
CON_E_0006152.wav,9,0.0424223318696022,0.6443213820457458,0.3274107277393341
CON_E_0006153.wav,7,1.1880815029144287,0.7956876754760742,0
CON_E_0006176.wav,4,1.7896205186843872,1.3786687850952148,0
CON_E_0006179.wav,7,1.2218890190124512,0.8091174960136414,0
CON_E_0006183.wav,7,0,0.35469600558280945,0
CON_E_0006191.wav,13,0,0.20335008203983307,0
CON_E_0006192.wav,7,0.09646062552928925,1.722267508506775,0
CON_E_0006194.wav,5,0.896503210067749,1.8932528495788574,0
CON_E_0006199.wav,4,0,1.0265105962753296,2.513704299926758
CON_E_0006205.wav,3,0,4.1282854080200195,0
CON_E_0006207.wav,8,0,0.8294239640235901,0
CON_E_0006208.wav,9,0,0.7992472052574158,0
CON_E_0006219.wav,4,0,2.056964159011841,0
CON_E_0006226.wav,6,-1.1745353937149048,1.2279138565063477,0
CON_E_0006239.wav,6,0,0.9676287770271301,0
CON_E_0006245.wav,9,-0.549537181854248,0.7784234285354614,0
CON_E_0006246.wav,15,0,0.19359402358531952,0
CON_E_0006249.wav,8,0.34420445561408997,0.8816998600959778,0
CON_E_0006254.wav,8,1.5152019262313843,1.3050479888916016,0
CON_E_0006261.wav,5,0.5405700206756592,2.036212205886841,0
CON_E_0006264.wav,20,0,0.39453399181365967,0
CON_E_0006267.wav,12,0.4245942533016205,0.481971800327301,0
CON_E_0006268.wav,8,0,1.3965110778808594,0
CON_E_0006270.wav,12,-0.05956582725048065,0.2288178950548172,0
CON_E_0006276.wav,5,0.27458420395851135,1.3510764837265015,2.218311071395874
CON_E_0006278.wav,9,0,0.7296669483184814,0
CON_E_0006279.wav,5,0.9916354417800903,1.5453499555587769,0
CON_E_0006283.wav,5,2.5140860080718994,1.0695929527282715,0
CON_E_0006284.wav,7,0.4054963290691376,0.7005723714828491,0
CON_E_0006288.wav,13,-0.9219774007797241,0.19265665113925934,0
CON_E_0006289.wav,12,0,0.31557440757751465,0
CON_E_0006297.wav,8,-0.049124978482723236,1.2758554220199585,0
CON_E_0006298.wav,8,-2.401702404022217,0.6745278239250183,0
CON_E_0006299.wav,23,0,0.019139990210533142,0
CON_E_0006300.wav,15,0,0.21143271028995514,0
CON_E_0006304.wav,8,0,0.5575295686721802,0
CON_E_0006305.wav,8,0,0.8225895762443542,0
CON_E_0006312.wav,8,-1.4139081239700317,2.060570240020752,0
CON_E_0006313.wav,10,0.797398567199707,0.9670772552490234,0
CON_E_0006315.wav,11,0,0.2996828258037567,0
CON_E_0006320.wav,8,0.47645461559295654,1.2519547939300537,0
CON_E_0006321.wav,25,-0.08003154397010803,0.02945988066494465,0
CON_E_0006336.wav,7,1.4711644649505615,1.3790658712387085,0
CON_E_0006338.wav,5,0,1.4186052083969116,0
CON_E_0006339.wav,11,-0.02812069281935692,0.5455578565597534,0
CON_E_0006341.wav,7,-0.21632187068462372,1.6620663404464722,0
CON_E_0006343.wav,8,0,0.7000811696052551,0
CON_E_0006345.wav,9,0,0.9686066508293152,1.265358805656433
CON_E_0006347.wav,11,-0.2003866285085678,0.6074070930480957,0
CON_E_0006358.wav,10,-2.6289045810699463,0.49399927258491516,0
CON_E_0006362.wav,4,-1.4232332706451416,2.0712666511535645,0
CON_E_0006366.wav,4,0,1.4466211795806885,0
CON_E_0006367.wav,7,0,1.4541996717453003,0.12116321176290512
CON_E_0006372.wav,13,0,0.15887625515460968,0
CON_E_0006375.wav,3,0,0.4162914752960205,0
CON_E_0006381.wav,6,1.3061164617538452,-0.04392864182591438,0
CON_E_0006388.wav,11,0.5248268246650696,0.5732665061950684,0
CON_E_0006390.wav,6,0.10924817621707916,1.4742165803909302,0
CON_E_0006399.wav,10,-0.8772711753845215,0.4415036737918854,0
CON_E_0006404.wav,8,0,0.7867480516433716,0
CON_E_0006405.wav,8,0,1.2333714962005615,0
CON_E_0006406.wav,7,1.010898232460022,1.061561942100525,0
CON_E_0006408.wav,10,1.1009944677352905,0.08260588347911835,0
CON_E_0006410.wav,17,0,0.06930454075336456,0
CON_E_0006414.wav,3,0,-0.3636651039123535,0
CON_E_0006415.wav,4,0,1.1409506797790527,0
CON_E_0006425.wav,4,0,2.5467894077301025,1.7117234468460083
CON_E_0006428.wav,1,0,7.009575347183272e-05,0
CON_E_0006430.wav,5,0,2.0005671977996826,1.506644606590271
CON_E_0006434.wav,6,0,0.8528093695640564,0
CON_E_0006435.wav,15,0,0.1800329089164734,0
CON_E_0006436.wav,15,0.4715118110179901,-0.12471510469913483,0
CON_E_0006444.wav,4,0,0.9289251565933228,0
CON_E_0006448.wav,4,0,1.399804949760437,0
CON_E_0006452.wav,8,0.46406710147857666,0.7797402739524841,0
CON_E_0006454.wav,8,0,0.640121579170227,0
CON_E_0006458.wav,9,-0.41152748465538025,0.3726015090942383,0
CON_E_0006466.wav,5,0,1.6187279224395752,0
CON_E_0006475.wav,10,0,0.3219678997993469,0
CON_E_0006483.wav,9,0,0.024447325617074966,0
CON_E_0006490.wav,5,0.25223153829574585,1.43889582157135,0
CON_E_0006492.wav,7,-0.0782255306839943,1.0066273212432861,0
CON_E_0006493.wav,12,0,0.02144678868353367,0
CON_E_0006496.wav,13,0,0.3596435487270355,0.6728132963180542
CON_E_0006498.wav,4,3.8134963512420654,1.1620451211929321,0
CON_E_0006499.wav,12,-1.2576769590377808,0.778630256652832,0.4849260449409485
CON_E_0006504.wav,16,1.8386098146438599,-0.30171284079551697,0
CON_E_0006507.wav,9,0.8689043521881104,0.925775408744812,0
CON_E_0006516.wav,6,-0.5423453450202942,0.8560455441474915,0
CON_E_0006521.wav,3,0,0.11852214485406876,0
CON_E_0006522.wav,13,0,-0.122965507209301,0
CON_E_0006525.wav,8,0,0.8047846555709839,0.4659665524959564
CON_E_0006527.wav,13,0,0.4878266155719757,0
CON_E_0006533.wav,13,-1.323441982269287,0.5950230956077576,0
CON_E_0006539.wav,10,-0.7564228773117065,0.3955152928829193,0
CON_E_0006544.wav,6,1.1146705150604248,1.0440754890441895,0
CON_E_0006547.wav,6,4.045808792114258,0.7580516338348389,0
CON_E_0006548.wav,7,1.1812474727630615,1.125719666481018,0
CON_E_0006552.wav,6,0,1.1008315086364746,0
CON_E_0006553.wav,9,1.4776194095611572,0.7524970769882202,0
CON_E_0006560.wav,6,0.37214234471321106,1.0069917440414429,0
CON_E_0006561.wav,10,0,0.5326349139213562,0
CON_E_0006562.wav,6,0,0.9878765344619751,-0.4973636269569397
CON_E_0006565.wav,5,0,1.5766246318817139,0
CON_E_0006566.wav,8,0,0.5699945092201233,1.4296544790267944
CON_E_0006573.wav,8,0.5728052258491516,0.5935982465744019,0
CON_E_0006575.wav,4,-0.15181002020835876,1.4956642389297485,0
CON_E_0006578.wav,12,-0.5822697877883911,0.6891711950302124,0
CON_E_0006589.wav,20,-1.0883060693740845,0.034381188452243805,0
CON_E_0006590.wav,9,0.280987024307251,1.1217706203460693,0
CON_E_0006597.wav,13,-0.8589968681335449,0.5271618962287903,0
CON_E_0006598.wav,10,0.15351876616477966,0.7254931330680847,0
CON_E_0006601.wav,6,1.0732139348983765,1.5877517461776733,0
CON_E_0006602.wav,9,0.09778443723917007,0.5721563100814819,0
CON_E_0006604.wav,9,0,1.057201862335205,0
CON_E_0006607.wav,12,-0.49421826004981995,0.7321920394897461,0
CON_E_0006609.wav,10,-0.7706804275512695,0.6272308230400085,0
CON_E_0006617.wav,8,0,0.6692545413970947,0
CON_E_0006619.wav,22,0,0.03444031625986099,0
CON_E_0006626.wav,6,-2.2585010528564453,1.9721343517303467,0
CON_E_0006628.wav,6,0,0.11823157221078873,0
CON_E_0006636.wav,12,0.31085479259490967,-0.3239661157131195,0
CON_E_0006637.wav,3,2.6156997680664062,6.105342388153076,0
CON_E_0006642.wav,6,-1.189400553703308,1.1330397129058838,0
CON_E_0006644.wav,5,0,1.2529680728912354,2.439985513687134
CON_E_0006649.wav,7,0,0.6453023552894592,0
CON_E_0006653.wav,8,0,0.3593113124370575,0
CON_E_0006655.wav,8,0,0.1403844654560089,0
CON_E_0006658.wav,9,1.0732618570327759,0.6841414570808411,1.7679083347320557
CON_E_0006659.wav,8,-0.2203098088502884,2.2112410068511963,0
CON_E_0006662.wav,7,0,0.3383066952228546,0.35296085476875305
CON_E_0006664.wav,13,-1.411741852760315,0.8753215670585632,0.07923311740159988
CON_E_0006667.wav,4,0,0.9640074968338013,0
CON_E_0006671.wav,22,0.6541101932525635,-0.19247502088546753,0
CON_E_0006678.wav,13,0.17939579486846924,-0.37257733941078186,0
CON_E_0006690.wav,9,0,0.52864670753479,0.8455772399902344
CON_E_0006695.wav,4,0,0.9895035624504089,0
CON_E_0006703.wav,3,0,2.874211311340332,1.5288417339324951
CON_E_0006713.wav,5,0,0.7942100167274475,0
CON_E_0006722.wav,5,0,0.47802290320396423,0
CON_E_0006724.wav,22,0,0.24054227769374847,0
CON_E_0006725.wav,7,0,0.07328078895807266,0
CON_E_0006729.wav,5,-0.5125845074653625,1.3633390665054321,0
CON_E_0006730.wav,15,0,0.14455771446228027,0
CON_E_0006731.wav,4,0,0.26346445083618164,0
CON_E_0006736.wav,3,0,1.2792242765426636,0
CON_E_0006741.wav,7,0.04017217829823494,-0.023120278492569923,0
CON_E_0006743.wav,5,0,1.691579818725586,0
CON_E_0006748.wav,3,0.24930539727210999,4.021039009094238,0
CON_E_0006752.wav,4,0,2.024566888809204,-1.0871450901031494
CON_E_0006766.wav,6,0,2.0032942295074463,0
CON_E_0006767.wav,2,0,0,0
CON_E_0006769.wav,4,0.5117521286010742,0.36923888325691223,0
CON_E_0006772.wav,12,0,0.7937961220741272,0
CON_E_0006773.wav,2,0.10000386089086533,4.952572822570801,0
CON_E_0006775.wav,5,1.6452311277389526,1.14632248878479,0
CON_E_0006776.wav,8,0,1.1843377351760864,0
CON_E_0006782.wav,3,0.301167368888855,0.8862029314041138,0
CON_E_0006783.wav,9,0,0.23117446899414062,0
CON_E_0006784.wav,8,0,1.1644012928009033,0
CON_E_0006788.wav,6,0.39260268211364746,0.3306891620159149,0
CON_E_0006793.wav,7,5.6894145011901855,-0.7509024143218994,0
CON_E_0006794.wav,6,0,0.7767818570137024,0
CON_E_0006795.wav,6,0,1.0087465047836304,0
CON_E_0006797.wav,8,0.516656756401062,0.6282368898391724,0
CON_E_0006803.wav,7,0,0.7987100481987,0
CON_E_0006806.wav,8,0,0.9532940983772278,1.8907885551452637
CON_E_0006811.wav,8,0,1.4109022617340088,1.0037107467651367
CON_E_0006812.wav,10,-1.5518616437911987,0.7654587626457214,0
CON_E_0006815.wav,17,-0.07968325167894363,0.5957363247871399,0
CON_E_0006817.wav,7,0.6748175621032715,1.0379449129104614,0
CON_E_0006828.wav,7,0,0.9506039619445801,0
CON_E_0006829.wav,16,0,0.22313764691352844,0
CON_E_0006838.wav,18,0,0.145637646317482,0
CON_E_0006839.wav,6,0,-0.19212336838245392,0
CON_E_0006855.wav,8,-0.43315792083740234,1.9366681575775146,0
CON_E_0006861.wav,7,0,0.45185065269470215,0
CON_E_0006863.wav,10,0,0.06525231152772903,0
CON_E_0006864.wav,5,0.2965657711029053,0.10353073477745056,0
CON_E_0006873.wav,7,0,0.41061148047447205,0
CON_E_0006876.wav,11,0,0.6511463522911072,0
CON_E_0006883.wav,7,-2.6795592308044434,1.5054377317428589,0
CON_E_0006884.wav,12,-0.4233264923095703,0.8571979403495789,0
CON_E_0006887.wav,4,0,0.0843241885304451,0
CON_E_0006888.wav,19,0.07106062769889832,0.2474117875099182,0
CON_E_0006891.wav,7,-1.04652738571167,2.0457139015197754,0
CON_E_0006896.wav,5,0,0.8971470594406128,0
CON_E_0006902.wav,5,-0.059938039630651474,0.17960125207901,0
CON_E_0006908.wav,8,0,0.7281652092933655,0
CON_E_0006913.wav,11,0.5298380255699158,0.14024333655834198,0
CON_E_0006916.wav,9,-0.10116259008646011,0.6613735556602478,0
CON_E_0006920.wav,5,0,0.7371865510940552,0
CON_E_0006926.wav,3,0,3.594264268875122,0
CON_E_0006930.wav,4,0,1.6909550428390503,0
CON_E_0006931.wav,5,-1.6779125928878784,2.0825510025024414,0
CON_E_0006937.wav,10,-0.012058299034833908,0.8583473563194275,0
CON_E_0006938.wav,5,0,0.6175163984298706,0
CON_E_0006939.wav,2,-0.17847156524658203,4.468953609466553,0
CON_E_0006942.wav,24,0.120662160217762,-0.44351726770401,0
CON_E_0006953.wav,5,-1.5022159814834595,2.3311705589294434,0
CON_E_0006961.wav,13,0,0.08392180502414703,0
CON_E_0006962.wav,7,0,0.7244742512702942,0
CON_E_0006964.wav,8,0,0.778800368309021,0
CON_E_0006968.wav,6,0.826107919216156,1.224223256111145,0
CON_E_0006971.wav,6,0,1.2241402864456177,0
CON_E_0006972.wav,9,-1.096634030342102,1.5316962003707886,0
CON_E_0006984.wav,6,0,0.857044517993927,0
CON_E_0006986.wav,4,0,0.833389401435852,0
CON_E_0006990.wav,7,-2.072455406188965,1.4094451665878296,0
CON_E_0006998.wav,6,0,0.9714004397392273,3.1040148735046387
CON_E_0007001.wav,6,-0.8577290177345276,1.0204709768295288,0
CON_E_0007003.wav,5,0.6177199482917786,2.3871498107910156,-1.1516212224960327
CON_E_0007004.wav,5,0,1.4304649829864502,0
CON_E_0007005.wav,6,0,0.5053249001502991,0.2719634175300598
CON_E_0007007.wav,6,0,0.6107726693153381,0
CON_E_0007017.wav,9,-0.285379558801651,0.8403979539871216,0
CON_E_0007021.wav,6,0,0.845897376537323,0
CON_E_0007027.wav,5,1.6283159255981445,0.36970651149749756,0
CON_E_0007031.wav,5,0,1.74331796169281,0
CON_E_0007033.wav,16,0.40648770332336426,-0.055797915905714035,0
CON_E_0007041.wav,7,0,1.1324336528778076,0
CON_E_0007042.wav,7,0,0.877547562122345,0
CON_E_0007046.wav,10,0.7547903060913086,-0.12880279123783112,0
CON_E_0007056.wav,19,-0.2334679514169693,-0.01073676347732544,0
CON_E_0007059.wav,5,-1.6743474006652832,2.1454782485961914,0
CON_E_0007064.wav,8,0,0.7168653607368469,0
CON_E_0007070.wav,12,0,0.4864902198314667,0
CON_E_0007071.wav,5,-0.7273156046867371,1.85822331905365,0
CON_E_0007077.wav,8,-0.933888852596283,1.0746227502822876,0
CON_E_0007080.wav,6,0,0.7620678544044495,0
CON_E_0007082.wav,5,0,1.185021162033081,0
CON_E_0007085.wav,13,0.2256089746952057,0.42466866970062256,0
CON_E_0007090.wav,8,0,1.028473138809204,0
CON_E_0007095.wav,14,0,0.35639435052871704,0
CON_E_0007098.wav,9,0,0.8230465650558472,0
CON_E_0007104.wav,15,-0.7597367763519287,0.6421223878860474,0
CON_E_0007112.wav,11,0,0.43761491775512695,0
CON_E_0007126.wav,11,-1.7535786628723145,0.6204189658164978,0
CON_E_0007139.wav,8,0,1.3340595960617065,0
CON_E_0007140.wav,6,0,0.8941843509674072,0
CON_E_0007142.wav,5,-2.703366756439209,1.4685384035110474,0
CON_E_0007145.wav,11,0,0.2525976598262787,0
CON_E_0007147.wav,24,0,0.02736988477408886,0
CON_E_0007151.wav,9,-0.2851943373680115,0.5511550307273865,0
CON_E_0007157.wav,6,0,0.5227978825569153,0
CON_E_0007165.wav,8,0,0.9724772572517395,0
CON_E_0007166.wav,7,3.552757978439331,0.5589243769645691,0
CON_E_0007168.wav,10,0,0.7913961410522461,0
CON_E_0007169.wav,15,-0.38138502836227417,0.6045083403587341,0
CON_E_0007172.wav,12,0,0.3553566634654999,1.2923716306686401
CON_E_0007174.wav,9,-1.2310523986816406,0.6921470165252686,0
CON_E_0007175.wav,5,-0.06910452991724014,1.4512853622436523,0
CON_E_0007177.wav,5,2.32442307472229,-3.8045029640197754,0
CON_E_0007178.wav,1,0,-5.732016688853037e-06,0
CON_E_0007180.wav,4,0,1.2378119230270386,0
CON_E_0007181.wav,3,-1.3460502624511719,1.7119783163070679,0
CON_E_0007182.wav,4,1.4941874742507935,1.4002548456192017,0
CON_E_0007189.wav,10,0.034549374133348465,0.46270766854286194,0
CON_E_0007193.wav,7,1.793703556060791,1.0564569234848022,0
CON_E_0007195.wav,7,-1.5025006532669067,0.8188915252685547,0
CON_E_0007197.wav,3,3.355403184890747,0.6369465589523315,0
CON_E_0007198.wav,7,0,1.1592836380004883,0
CON_E_0007201.wav,3,-0.36276957392692566,2.4271047115325928,0
CON_E_0007210.wav,5,0,1.8509836196899414,0
CON_E_0007215.wav,11,0,0.12394879013299942,0
CON_E_0007218.wav,12,-1.5547444820404053,0.36561936140060425,0
CON_E_0007222.wav,10,-1.0989508628845215,0.7471741437911987,0
CON_E_0007228.wav,8,0.21702416241168976,1.3327836990356445,0
CON_E_0007235.wav,15,0.1707039773464203,-0.3717719316482544,0
CON_E_0007238.wav,8,0,0.46836164593696594,0
CON_E_0007242.wav,7,0.7731289863586426,0.5088528990745544,0
CON_E_0007244.wav,4,0,1.3078663349151611,0
CON_E_0007245.wav,5,0,1.1154730319976807,0
CON_E_0007246.wav,5,1.0927807092666626,1.686661720275879,0
CON_E_0007247.wav,5,0,0.9778507947921753,1.4751914739608765
CON_E_0007249.wav,6,0,0.9181415438652039,0
CON_E_0007252.wav,8,0,1.240269660949707,0
CON_E_0007255.wav,7,0,0.970451831817627,1.2409696578979492
CON_E_0007256.wav,6,-0.02856658585369587,0.8094618916511536,0
CON_E_0007257.wav,5,0,1.796534538269043,0
CON_E_0007258.wav,23,0,0.09023113548755646,0
CON_E_0007259.wav,27,-0.18840785324573517,0.018968060612678528,0
CON_E_0007260.wav,6,0,1.2009690999984741,0
CON_E_0007263.wav,6,0,1.3940297365188599,0
CON_E_0007265.wav,6,0,0.8258951306343079,0
CON_E_0007268.wav,3,0,1.2251776456832886,0
CON_E_0007269.wav,5,0,0.8597140312194824,0
CON_E_0007275.wav,4,0,1.3488744497299194,0
CON_E_0007281.wav,18,0.6958413124084473,-0.0429544560611248,0
CON_E_0007290.wav,7,-1.5412507057189941,1.3399114608764648,0
CON_E_0007292.wav,5,-1.2950142621994019,1.88661789894104,0
CON_E_0007293.wav,4,0.6976829171180725,3.948180913925171,0
CON_E_0007296.wav,4,2.2799811363220215,1.1562392711639404,0
CON_E_0007300.wav,12,-0.4314214587211609,0.19912734627723694,0
CON_E_0007307.wav,17,-1.190070629119873,0.2249443084001541,0
CON_E_0007308.wav,6,-0.5476046800613403,1.260347843170166,0
CON_E_0007312.wav,5,0,1.5728756189346313,0
CON_E_0007314.wav,3,2.841779947280884,1.6159019470214844,0
CON_E_0007318.wav,5,0,1.531389832496643,0
CON_E_0007321.wav,5,0,0.8019949197769165,0
CON_E_0007324.wav,6,0,0.5815379023551941,-0.0915941596031189
CON_E_0007332.wav,10,-1.400378942489624,1.3431065082550049,0
CON_E_0007333.wav,8,0,0.6155125498771667,0
CON_E_0007338.wav,9,0,0.40354007482528687,0
CON_E_0007339.wav,9,-2.4266128540039062,0.8087608814239502,0
CON_E_0007340.wav,12,0,0.3432175815105438,0
CON_E_0007343.wav,8,0,0.10046535730361938,0
CON_E_0007353.wav,5,0,1.6132786273956299,0
CON_E_0007356.wav,8,-0.5115965604782104,0.6284335851669312,0
CON_E_0007361.wav,10,-0.04821223020553589,0.647363007068634,0
CON_E_0007364.wav,7,0,0.5542582869529724,0
CON_E_0007365.wav,6,2.0750465393066406,0.9365031123161316,0
CON_E_0007366.wav,11,-0.5436551570892334,0.8858024477958679,0
CON_E_0007367.wav,17,-0.09283334761857986,0.005560979247093201,0
CON_E_0007369.wav,14,-0.5192843675613403,0.7374162673950195,0
CON_E_0007370.wav,20,0,0.1767657995223999,0
CON_E_0007376.wav,7,0,0.578123152256012,0
CON_E_0007384.wav,7,0.910916805267334,0.9947256445884705,0
CON_E_0007389.wav,8,-0.4158739447593689,1.0634336471557617,0
CON_E_0007392.wav,7,0.8408092260360718,0.9512137174606323,0
CON_E_0007401.wav,5,0,0.5444884896278381,0
CON_E_0007405.wav,5,-0.32415661215782166,2.395616292953491,0
CON_E_0007408.wav,5,0,1.778807282447815,0.4540897309780121
CON_E_0007411.wav,9,-0.7126852869987488,1.4806045293807983,0
CON_E_0007412.wav,10,0.5959270000457764,0.8214403986930847,0
CON_E_0007414.wav,3,0,2.8835601806640625,0
CON_E_0007415.wav,9,0,0.45938143134117126,0
CON_E_0007427.wav,7,0,1.243928074836731,0
CON_E_0007431.wav,5,0.16240157186985016,1.03645658493042,0
CON_E_0007433.wav,7,0,-0.3641851544380188,0
CON_E_0007434.wav,13,-0.3082023561000824,0.5960170030593872,0.6578163504600525
CON_E_0007438.wav,3,0,0.45706906914711,0
CON_E_0007442.wav,11,0,0.1747143566608429,0
CON_E_0007444.wav,29,0,0.013368986546993256,0
CON_E_0007446.wav,6,0,0.9442763328552246,0
CON_E_0007448.wav,13,0.12589259445667267,0.03195266053080559,0
CON_E_0007450.wav,4,0,1.7613351345062256,0
CON_E_0007452.wav,8,-0.3743487000465393,1.3727000951766968,0
CON_E_0007454.wav,3,0,2.007685899734497,0
CON_E_0007457.wav,8,0,0.637347400188446,2.24954891204834
CON_E_0007461.wav,9,0,1.0266237258911133,0
CON_E_0007465.wav,6,2.414477825164795,1.5025036334991455,0
CON_E_0007468.wav,11,0.8476360440254211,0.4857950210571289,0
CON_E_0007471.wav,6,-1.0616822242736816,1.2926300764083862,0
CON_E_0007472.wav,15,1.7527037858963013,0.15784771740436554,0
CON_E_0007474.wav,8,0,1.3228843212127686,0
CON_E_0007479.wav,8,-3.626188039779663,0.6827030181884766,0
CON_E_0007488.wav,12,0,0.1033986508846283,0
CON_E_0007494.wav,9,0,0.8025541305541992,0.663564920425415
CON_E_0007499.wav,8,1.3529409170150757,0.9384798407554626,0
CON_E_0007505.wav,7,0,0.9003118276596069,0
CON_E_0007507.wav,10,0,0.2815651297569275,0
CON_E_0007509.wav,2,0.16154098510742188,0.7890799045562744,0
CON_E_0007510.wav,6,0,1.2010853290557861,0
CON_E_0007514.wav,9,-1.2432074546813965,0.7535492777824402,0
CON_E_0007516.wav,7,0,1.118348240852356,0
CON_E_0007520.wav,10,0.06945805996656418,0.8433883190155029,0
CON_E_0007525.wav,8,0,0.8016660213470459,0
CON_E_0007528.wav,4,2.114011764526367,0.3940488398075104,0
CON_E_0007534.wav,15,1.9257510900497437,-0.1257467418909073,0
CON_E_0007535.wav,13,0,0.582628607749939,0.6861810684204102
CON_E_0007536.wav,10,0.1141795814037323,0.8295922875404358,0.9211850166320801
CON_E_0007537.wav,15,1.9559972286224365,-0.2603308856487274,0
CON_E_0007552.wav,9,0,0.8192212581634521,0
CON_E_0007559.wav,4,0.14089924097061157,0.8677436709403992,0
CON_E_0007561.wav,13,0,0.6274450421333313,0
CON_E_0007563.wav,3,4.545969486236572,2.4325079917907715,0
CON_E_0007564.wav,14,-0.5668002367019653,0.3510288596153259,0
CON_E_0007567.wav,8,0,0.45242738723754883,0
CON_E_0007576.wav,23,0,0.29259583353996277,0
CON_E_0007586.wav,7,3.5049073696136475,-0.6959332823753357,0
CON_E_0007592.wav,12,0,0.09239120036363602,0
CON_E_0007594.wav,13,0,0.5833404064178467,0
CON_E_0007595.wav,10,0,0.9052162170410156,0
CON_E_0007596.wav,5,0,0.9960817098617554,0
CON_E_0007601.wav,14,-0.15320627391338348,0.23736032843589783,0
CON_E_0007605.wav,25,0,0.10991538316011429,0
CON_E_0007606.wav,8,0.03360697627067566,0,0
CON_E_0007612.wav,9,0,1.0738506317138672,0
CON_E_0007613.wav,4,0,1.1079744100570679,0
CON_E_0007615.wav,2,0,1.4767355918884277,0
CON_E_0007625.wav,8,0,0.43763965368270874,0
CON_E_0007627.wav,4,0,0.47529512643814087,0
CON_E_0007629.wav,10,0,0.19145870208740234,0
CON_E_0007631.wav,6,-1.095306634902954,1.6138639450073242,0
CON_E_0007638.wav,5,3.3959217071533203,0.6886360049247742,0
CON_E_0007639.wav,3,0.04369132220745087,2.4263696670532227,0
CON_E_0007640.wav,7,0.7783636450767517,0.673166036605835,0
CON_E_0007644.wav,9,0,0.7836834788322449,0
CON_E_0007645.wav,10,-0.04250606894493103,0.7028001546859741,0
CON_E_0007647.wav,19,0.153009831905365,0.2959277927875519,0
CON_E_0007648.wav,8,0,0.2506747543811798,0
CON_E_0007649.wav,11,0,0.43588492274284363,0
CON_E_0007651.wav,6,-0.9316685199737549,1.170026183128357,0
CON_E_0007660.wav,6,0.4983796179294586,0.7510294914245605,0
CON_E_0007661.wav,4,0,0.5350887775421143,0
CON_E_0007662.wav,5,0.781952977180481,1.1703907251358032,0
CON_E_0007667.wav,5,-0.6108661890029907,1.26577627658844,0
CON_E_0007677.wav,14,0.046817846596241,0.5558608174324036,0
CON_E_0007680.wav,19,-0.9494162797927856,0.3259539306163788,0
CON_E_0007682.wav,14,-0.7741718888282776,0.8057659864425659,0
CON_E_0007683.wav,6,0,0.7568443417549133,0
CON_E_0007684.wav,4,0,0.48694735765457153,0
CON_E_0007685.wav,3,0,0.36122551560401917,0
CON_E_0007692.wav,13,0,0.23055297136306763,0
CON_E_0007695.wav,6,-1.0045747756958008,1.4164714813232422,0
CON_E_0007696.wav,11,0.14797121286392212,0.007853984832763672,0
CON_E_0007698.wav,4,0,1.461966872215271,0
CON_E_0007702.wav,9,0,1.220015525817871,0.3745056390762329
CON_E_0007709.wav,6,-0.7284761667251587,2.1313068866729736,0
CON_E_0007711.wav,5,0.17851249873638153,1.5884618759155273,0
CON_E_0007718.wav,12,0,0.2440522313117981,0
CON_E_0007720.wav,8,0,0.5521904230117798,0
CON_E_0007721.wav,6,0,0.36540696024894714,0
CON_E_0007727.wav,12,-1.0697216987609863,0.4539543688297272,0
CON_E_0007728.wav,2,0.3499699831008911,5.808886528015137,0
CON_E_0007739.wav,7,0,1.2253059148788452,0
CON_E_0007740.wav,12,-1.5150156021118164,0.5957480669021606,0
CON_E_0007741.wav,6,0.996173083782196,1.7129743099212646,0
CON_E_0007742.wav,9,0,0.26832059025764465,0
CON_E_0007753.wav,6,1.8596383333206177,1.3323246240615845,0
CON_E_0007767.wav,8,-2.1691842079162598,1.2974059581756592,0
CON_E_0007773.wav,22,0.2860031723976135,-0.13427405059337616,0
CON_E_0007775.wav,3,0,2.844066619873047,0
CON_E_0007781.wav,7,0,0.5940424203872681,0.5156685709953308
CON_E_0007782.wav,8,0,0.8386023044586182,0
CON_E_0007786.wav,7,-0.32521137595176697,1.153617262840271,0
CON_E_0007792.wav,10,0,0.9017456769943237,0
CON_E_0007793.wav,4,-0.11126720160245895,1.3909755945205688,0
CON_E_0007794.wav,5,0,0.8726555705070496,0
CON_E_0007798.wav,7,0,0.5955809354782104,0
CON_E_0007799.wav,6,2.188978910446167,-2.1800456047058105,-1.3832972049713135
CON_E_0007804.wav,6,0,0.7052980065345764,1.3370633125305176
CON_E_0007809.wav,10,0.40934309363365173,0.4913161098957062,0
CON_E_0007814.wav,7,0,1.3860015869140625,-1.0273939371109009
CON_E_0007822.wav,4,0,1.5745978355407715,0
CON_E_0007830.wav,6,0,1.1817089319229126,0
CON_E_0007832.wav,6,0,0.7196401953697205,0
CON_E_0007837.wav,10,0,0.7832599878311157,0
CON_E_0007838.wav,5,0,1.387194275856018,0
CON_E_0007842.wav,4,0,1.5243406295776367,0
CON_E_0007848.wav,5,0,0.7446848750114441,0
CON_E_0007850.wav,6,0,1.2320470809936523,0.011227178387343884
CON_E_0007851.wav,10,0,0.423623651266098,0
CON_E_0007861.wav,9,-0.04835993051528931,0.9920011758804321,0
CON_E_0007864.wav,5,0,0.6136385202407837,0
CON_E_0007865.wav,6,0.20207667350769043,1.6588672399520874,1.7282696962356567
CON_E_0007873.wav,3,0.46007952094078064,0.3099801540374756,0
CON_E_0007878.wav,11,0,0.21629390120506287,0.860736072063446
CON_E_0007882.wav,13,0,0.3424501419067383,0
CON_E_0007888.wav,14,0,0.1340845376253128,0
CON_E_0007891.wav,7,-0.6807621121406555,1.527938961982727,0
CON_E_0007893.wav,4,0,0.35829076170921326,0
CON_E_0007896.wav,6,0,1.5821349620819092,0
CON_E_0007904.wav,5,0.1072792038321495,1.7781394720077515,0
CON_E_0007906.wav,5,0,1.0582382678985596,0
CON_E_0007911.wav,3,0,1.6336702108383179,0
CON_E_0007913.wav,3,-1.1644833087921143,3.533162832260132,0
CON_E_0007914.wav,5,0,1.9178956747055054,0
CON_E_0007917.wav,6,0,0.6616933941841125,0
CON_E_0007918.wav,5,0,0.905474066734314,0
CON_E_0007919.wav,5,0,0.3195993900299072,0
CON_E_0007921.wav,8,-0.38344117999076843,0.5080575942993164,0
CON_E_0007925.wav,3,-0.3111426830291748,3.628053665161133,0
CON_E_0007931.wav,8,-0.026247074827551842,0.47090229392051697,0
CON_E_0007933.wav,7,0,0.6887273788452148,0
CON_E_0007934.wav,15,0,0.004689502529799938,0
CON_E_0007936.wav,5,0,1.4545514583587646,2.060558795928955
CON_E_0007945.wav,20,0.5360565781593323,0.04723547771573067,0
CON_E_0007947.wav,9,0.6502071619033813,0.42600709199905396,0
CON_E_0007951.wav,8,0,0.8387136459350586,0
CON_E_0007959.wav,8,0,0.8452181220054626,0.6699493527412415
CON_E_0007963.wav,19,0.4585961699485779,-0.3168100416660309,0
CON_E_0007965.wav,10,0,0.24605901539325714,0
CON_E_0007969.wav,20,-0.9838573336601257,0.2856874465942383,0
CON_E_0007970.wav,7,-0.7819457054138184,0.991081714630127,0
CON_E_0007971.wav,19,-0.4919402003288269,-0.032324325293302536,0
CON_E_0007975.wav,4,0,1.2564414739608765,0.836227297782898
CON_E_0007980.wav,9,-0.9128693342208862,0.8466023206710815,0
CON_E_0007984.wav,8,0.6986700892448425,1.3227182626724243,0
CON_E_0007987.wav,35,-0.005639754701405764,0.1639097034931183,0
CON_E_0007990.wav,30,-0.40280091762542725,0.20387676358222961,0
CON_E_0007993.wav,16,0.4391259253025055,-0.13283173739910126,0
CON_E_0007994.wav,11,0,0.5487491488456726,0
CON_E_0008000.wav,8,0,0.4648895263671875,0
CON_E_0008007.wav,9,0.028261974453926086,0.7970113158226013,0
CON_E_0008011.wav,7,0,0.9550656080245972,0
CON_E_0008016.wav,18,0,0.4169638454914093,0
CON_E_0008031.wav,20,-0.8539357781410217,0.20682251453399658,0
CON_E_0008033.wav,6,1.8969142436981201,0.7611292600631714,0
CON_E_0008041.wav,7,-1.206951379776001,0.8829250335693359,0
CON_E_0008042.wav,6,2.9383058547973633,0.09601721912622452,0
CON_E_0008044.wav,4,0,2.375013589859009,0
CON_E_0008046.wav,5,-0.4167076647281647,1.8950999975204468,0
CON_E_0008049.wav,4,0,1.4778684377670288,0
CON_E_0008053.wav,6,-2.8132731914520264,1.4826593399047852,0
CON_E_0008062.wav,7,0,0.6319358944892883,1.8121118545532227
CON_E_0008066.wav,8,0.7839249968528748,1.539328932762146,0
CON_E_0008067.wav,11,0.3988742232322693,0.45305711030960083,0
CON_E_0008068.wav,7,0,1.2323219776153564,0
CON_E_0008075.wav,7,1.1397745609283447,0.5723810195922852,0
CON_E_0008080.wav,8,-0.6041592955589294,1.6667728424072266,0
CON_E_0008082.wav,11,-3.971862316131592,0.8319721221923828,0
CON_E_0008089.wav,8,0,1.3048017024993896,-0.5401735305786133
CON_E_0008091.wav,6,-1.1296902894973755,1.3492817878723145,0
CON_E_0008094.wav,5,0,1.736127495765686,2.6036739349365234
CON_E_0008101.wav,11,0.3600519895553589,0.7430840134620667,0
CON_E_0008104.wav,14,-0.7496080994606018,0.6538185477256775,0
CON_E_0008111.wav,6,0,1.3951083421707153,0
CON_E_0008112.wav,22,0.8520999550819397,0.01708918996155262,0
CON_E_0008120.wav,9,-0.4108104705810547,0.9475814700126648,0
CON_E_0008124.wav,12,-1.1663999557495117,0.9917779564857483,-0.1572517454624176
CON_E_0008127.wav,4,0.06330686807632446,3.364497184753418,0
CON_E_0008128.wav,9,0,0.8095572590827942,0
CON_E_0008130.wav,10,0,0.2917391359806061,0
CON_E_0008132.wav,15,-0.4059476852416992,0.24888604879379272,0
CON_E_0008139.wav,13,0,0.05174796283245087,0
CON_E_0008143.wav,4,0,1.1034842729568481,0
CON_E_0008144.wav,9,0,0.6030609607696533,0
CON_E_0008149.wav,6,0,0.7161887288093567,0
CON_E_0008150.wav,6,1.2917680740356445,0.9256235361099243,0
CON_E_0008151.wav,6,-1.1136810779571533,0.6449393033981323,0
CON_E_0008153.wav,6,0.4998141825199127,2.025768280029297,0
CON_E_0008157.wav,22,-0.6488426327705383,0.06507766991853714,0
CON_E_0008158.wav,15,0.08578365296125412,0.06877422332763672,0
CON_E_0008159.wav,13,-0.19111469388008118,0.2881697416305542,0
CON_E_0008162.wav,7,-0.3598919212818146,1.241723895072937,0
CON_E_0008164.wav,7,0,0.8573685884475708,0
CON_E_0008168.wav,8,0.4877397418022156,0.533608615398407,0
CON_E_0008170.wav,10,0,0.43491965532302856,0
CON_E_0008174.wav,11,-0.6747042536735535,0.5103648900985718,0
CON_E_0008175.wav,1,0,2.96984552505819e-07,0
CON_E_0008176.wav,2,0,2.5955538749694824,0
CON_E_0008179.wav,8,0,0.35121041536331177,0
CON_E_0008181.wav,12,0,0.09987694025039673,0
CON_E_0008185.wav,6,-0.6511011123657227,2.1987268924713135,0
CON_E_0008194.wav,3,0,2.09028959274292,5.85912561416626
CON_E_0008197.wav,4,0,2.0855488777160645,0
CON_E_0008198.wav,9,0,0.6889671087265015,0
CON_E_0008199.wav,7,0,0.6814786791801453,0
CON_E_0008202.wav,8,-0.9685697555541992,1.0461748838424683,0
CON_E_0008215.wav,5,0,0.6528016328811646,0
CON_E_0008218.wav,6,0.009777767583727837,0.4804566502571106,0
CON_E_0008225.wav,30,0,0.04245797172188759,0
CON_E_0008230.wav,6,0,0.9047592282295227,0
CON_E_0008231.wav,6,0,-0.1846650391817093,0
CON_E_0008232.wav,9,-2.937248706817627,0.709952175617218,0
CON_E_0008237.wav,5,0,1.3197942972183228,0
CON_E_0008240.wav,5,0,1.5613511800765991,0
CON_E_0008243.wav,6,0,0.7986029982566833,0
CON_E_0008245.wav,8,0,0.39904528856277466,0
CON_E_0008247.wav,4,0,0.42162320017814636,4.526803016662598
CON_E_0008253.wav,5,-3.104738235473633,2.0579819679260254,0
CON_E_0008255.wav,2,2.141683578491211,4.203254222869873,0
CON_E_0008257.wav,2,0,1.2725179195404053,0
CON_E_0008258.wav,5,0,0.8770691752433777,0
CON_E_0008263.wav,6,0,0.7892007827758789,0
CON_E_0008264.wav,6,0,1.099211573600769,0
CON_E_0008265.wav,7,0.7834895253181458,1.2004774808883667,-0.7032840251922607
CON_E_0008269.wav,13,-0.7103586792945862,0.5373415350914001,0
CON_E_0008274.wav,8,0,0.7383810877799988,0
CON_E_0008277.wav,6,0,1.4108067750930786,-0.6644439101219177
CON_E_0008280.wav,6,-4.746671199798584,1.1461689472198486,0
CON_E_0008285.wav,7,0,1.0397969484329224,0
CON_E_0008286.wav,6,0,1.0779634714126587,0
CON_E_0008288.wav,4,0.400982528924942,3.5381264686584473,0
CON_E_0008291.wav,5,0,1.0887277126312256,0
CON_E_0008294.wav,17,0,0.20062610507011414,0
CON_E_0008298.wav,7,0.24849189817905426,0.4249691963195801,0
CON_E_0008300.wav,26,0.06390471011400223,0.05546040087938309,0
CON_E_0008301.wav,5,0,1.9598735570907593,0
CON_E_0008308.wav,19,-0.017903277650475502,-0.2069121152162552,0
CON_E_0008309.wav,6,0,1.5674856901168823,0
CON_E_0008312.wav,5,0,1.8922373056411743,0
CON_E_0008317.wav,9,0,0.5448364615440369,0
CON_E_0008318.wav,5,-1.7884951829910278,1.2259883880615234,0
CON_E_0008323.wav,10,0,0.5568580031394958,0
CON_E_0008326.wav,4,0.7328474521636963,2.128650426864624,0
CON_E_0008327.wav,13,0,0.42362281680107117,0
CON_E_0008330.wav,5,3.318248987197876,0.7217486500740051,0
CON_E_0008340.wav,13,0.7997927665710449,0.04465707764029503,0
CON_E_0008341.wav,21,0.27593106031417847,-0.05047338828444481,0
CON_E_0008346.wav,6,-0.2843092381954193,1.1465495824813843,0
CON_E_0008349.wav,9,0,0.48800912499427795,0
CON_E_0008350.wav,9,0,0.5874348282814026,0
CON_E_0008364.wav,7,-0.12344179302453995,1.012125849723816,0
CON_E_0008365.wav,9,-1.430577039718628,0.7721070647239685,0
CON_E_0008368.wav,15,0,0.3470669090747833,0
CON_E_0008370.wav,10,-1.4551005363464355,0.6960459351539612,0
CON_E_0008373.wav,7,0,0.8690165281295776,0
CON_E_0008395.wav,5,0,1.260825276374817,0
CON_E_0008398.wav,6,0,1.0343834161758423,0
CON_E_0008413.wav,8,0,0.3375774919986725,2.3421270847320557
CON_E_0008414.wav,7,0,0.8426662683486938,0
CON_E_0008422.wav,18,0.4907139241695404,-0.03785743564367294,0
CON_E_0008428.wav,5,0,1.8847395181655884,0
CON_E_0008429.wav,6,-1.6284846067428589,2.6182467937469482,0
CON_E_0008442.wav,9,0.9770151972770691,0.6166622638702393,0
CON_E_0008445.wav,7,2.7042315006256104,0.8503851294517517,0
